data,judet,categorie_pers,total_doze,astra,pfizer,moderna
2021-03-01,Alba,1,6,2,4,0
2021-03-01,Alba,2,845,123,722,0
2021-03-01,Alba,3,0,0,0,0
2021-03-01,Arad,1,26,14,12,0
2021-03-01,Arad,2,708,179,529,0
2021-03-01,Arad,3,0,0,0,0
2021-03-01,Arges,1,21,9,12,0
2021-03-01,Arges,2,770,266,504,0
2021-03-01,Arges,3,0,0,0,0
2021-03-01,Bacau,1,25,4,21,0
2021-03-01,Bacau,2,646,211,435,0
2021-03-01,Bacau,3,0,0,0,0
2021-03-01,Bihor,1,53,11,42,0
2021-03-01,Bihor,2,923,210,713,0
2021-03-01,Bihor,3,0,0,0,0
2021-03-01,Bistrita-Nasaud,1,6,2,4,0
2021-03-01,Bistrita-Nasaud,2,411,109,302,0
2021-03-01,Bistrita-Nasaud,3,0,0,0,0
2021-03-01,Botosani,1,6,2,4,0
2021-03-01,Botosani,2,337,107,230,0
2021-03-01,Botosani,3,0,0,0,0
2021-03-01,Braila,1,6,4,2,0
2021-03-01,Braila,2,404,70,334,0
2021-03-01,Braila,3,0,0,0,0
2021-03-01,Brasov,1,56,11,45,0
2021-03-01,Brasov,2,1131,366,765,0
2021-03-01,Brasov,3,0,0,0,0
2021-03-01,Bucuresti,1,485,129,356,0
2021-03-01,Bucuresti,2,4800,1540,3260,0
2021-03-01,Bucuresti,3,49,0,49,0
2021-03-01,Buzau,1,18,6,12,0
2021-03-01,Buzau,2,726,230,496,0
2021-03-01,Buzau,3,0,0,0,0
2021-03-01,Calarasi,1,6,0,6,0
2021-03-01,Calarasi,2,509,140,369,0
2021-03-01,Calarasi,3,0,0,0,0
2021-03-01,Caras-Severin,1,11,2,9,0
2021-03-01,Caras-Severin,2,445,50,395,0
2021-03-01,Caras-Severin,3,1,0,1,0
2021-03-01,Cluj,1,121,33,88,0
2021-03-01,Cluj,2,1933,794,1139,0
2021-03-01,Cluj,3,24,16,8,0
2021-03-01,Constanta,1,71,21,50,0
2021-03-01,Constanta,2,1119,444,675,0
2021-03-01,Constanta,3,2,0,2,0
2021-03-01,Covasna,1,8,1,7,0
2021-03-01,Covasna,2,268,41,227,0
2021-03-01,Covasna,3,0,0,0,0
2021-03-01,Dimbovita,1,32,14,18,0
2021-03-01,Dimbovita,2,783,237,546,0
2021-03-01,Dimbovita,3,0,0,0,0
2021-03-01,Dolj,1,77,40,37,0
2021-03-01,Dolj,2,1103,308,795,0
2021-03-01,Dolj,3,0,0,0,0
2021-03-01,Galati,1,64,53,11,0
2021-03-01,Galati,2,730,243,487,0
2021-03-01,Galati,3,0,0,0,0
2021-03-01,Giurgiu,1,32,4,28,0
2021-03-01,Giurgiu,2,520,100,420,0
2021-03-01,Giurgiu,3,0,0,0,0
2021-03-01,Gorj,1,22,0,22,0
2021-03-01,Gorj,2,696,46,650,0
2021-03-01,Gorj,3,0,0,0,0
2021-03-01,Harghita,1,37,4,33,0
2021-03-01,Harghita,2,662,35,627,0
2021-03-01,Harghita,3,0,0,0,0
2021-03-01,Hunedoara,1,16,11,5,0
2021-03-01,Hunedoara,2,549,80,469,0
2021-03-01,Hunedoara,3,0,0,0,0
2021-03-01,Ialomita,1,14,7,7,0
2021-03-01,Ialomita,2,538,113,425,0
2021-03-01,Ialomita,3,0,0,0,0
2021-03-01,Iasi,1,85,9,76,0
2021-03-01,Iasi,2,1416,285,1131,0
2021-03-01,Iasi,3,3,0,3,0
2021-03-01,Ilfov,1,27,11,16,0
2021-03-01,Ilfov,2,616,181,435,0
2021-03-01,Ilfov,3,1,0,1,0
2021-03-01,Maramures,1,93,33,60,0
2021-03-01,Maramures,2,1141,99,1042,0
2021-03-01,Maramures,3,1,0,1,0
2021-03-01,Mehedinti,1,12,3,9,0
2021-03-01,Mehedinti,2,428,23,405,0
2021-03-01,Mehedinti,3,1,1,0,0
2021-03-01,Mures,1,212,73,139,0
2021-03-01,Mures,2,2111,296,1815,0
2021-03-01,Mures,3,1,0,1,0
2021-03-01,Neamt,1,24,4,20,0
2021-03-01,Neamt,2,615,119,496,0
2021-03-01,Neamt,3,0,0,0,0
2021-03-01,Olt,1,32,5,27,0
2021-03-01,Olt,2,633,174,459,0
2021-03-01,Olt,3,0,0,0,0
2021-03-01,Prahova,1,68,27,41,0
2021-03-01,Prahova,2,1623,259,1364,0
2021-03-01,Prahova,3,0,0,0,0
2021-03-01,Salaj,1,7,5,2,0
2021-03-01,Salaj,2,389,85,304,0
2021-03-01,Salaj,3,0,0,0,0
2021-03-01,Satu-Mare,1,29,7,22,0
2021-03-01,Satu-Mare,2,568,137,431,0
2021-03-01,Satu-Mare,3,4,0,4,0
2021-03-01,Sibiu,1,34,12,22,0
2021-03-01,Sibiu,2,802,284,518,0
2021-03-01,Sibiu,3,0,0,0,0
2021-03-01,Suceava,1,61,0,61,0
2021-03-01,Suceava,2,891,89,802,0
2021-03-01,Suceava,3,0,0,0,0
2021-03-01,Teleorman,1,12,3,9,0
2021-03-01,Teleorman,2,545,55,490,0
2021-03-01,Teleorman,3,0,0,0,0
2021-03-01,Timis,1,67,44,23,0
2021-03-01,Timis,2,1271,537,734,0
2021-03-01,Timis,3,0,0,0,0
2021-03-01,Tulcea,1,5,5,0,0
2021-03-01,Tulcea,2,236,116,120,0
2021-03-01,Tulcea,3,0,0,0,0
2021-03-01,Valcea,1,6,1,5,0
2021-03-01,Valcea,2,526,123,403,0
2021-03-01,Valcea,3,0,0,0,0
2021-03-01,Vaslui,1,45,12,33,0
2021-03-01,Vaslui,2,551,110,441,0
2021-03-01,Vaslui,3,0,0,0,0
2021-03-01,Vrancea,1,15,2,13,0
2021-03-01,Vrancea,2,444,79,365,0
2021-03-01,Vrancea,3,0,0,0,0
2021-03-02,Alba,1,16,7,9,0
2021-03-02,Alba,2,803,98,705,0
2021-03-02,Alba,3,0,0,0,0
2021-03-02,Arad,1,12,10,2,0
2021-03-02,Arad,2,718,156,562,0
2021-03-02,Arad,3,1,1,0,0
2021-03-02,Arges,1,26,10,16,0
2021-03-02,Arges,2,765,241,524,0
2021-03-02,Arges,3,0,0,0,0
2021-03-02,Bacau,1,18,11,7,0
2021-03-02,Bacau,2,649,188,461,0
2021-03-02,Bacau,3,0,0,0,0
2021-03-02,Bihor,1,43,13,30,0
2021-03-02,Bihor,2,983,149,834,0
2021-03-02,Bihor,3,0,0,0,0
2021-03-02,Bistrita-Nasaud,1,10,2,8,0
2021-03-02,Bistrita-Nasaud,2,406,110,296,0
2021-03-02,Bistrita-Nasaud,3,2,0,2,0
2021-03-02,Botosani,1,22,4,18,0
2021-03-02,Botosani,2,401,88,313,0
2021-03-02,Botosani,3,3,0,3,0
2021-03-02,Braila,1,18,5,13,0
2021-03-02,Braila,2,392,69,323,0
2021-03-02,Braila,3,0,0,0,0
2021-03-02,Brasov,1,36,7,29,0
2021-03-02,Brasov,2,1074,330,744,0
2021-03-02,Brasov,3,0,0,0,0
2021-03-02,Bucuresti,1,473,211,262,0
2021-03-02,Bucuresti,2,4623,1589,3034,0
2021-03-02,Bucuresti,3,28,1,27,0
2021-03-02,Buzau,1,94,7,87,0
2021-03-02,Buzau,2,863,257,606,0
2021-03-02,Buzau,3,0,0,0,0
2021-03-02,Calarasi,1,13,6,7,0
2021-03-02,Calarasi,2,480,133,347,0
2021-03-02,Calarasi,3,0,0,0,0
2021-03-02,Caras-Severin,1,7,0,7,0
2021-03-02,Caras-Severin,2,463,38,425,0
2021-03-02,Caras-Severin,3,0,0,0,0
2021-03-02,Cluj,1,80,25,55,0
2021-03-02,Cluj,2,1844,670,1174,0
2021-03-02,Cluj,3,35,34,1,0
2021-03-02,Constanta,1,71,4,67,0
2021-03-02,Constanta,2,1238,530,708,0
2021-03-02,Constanta,3,1,0,1,0
2021-03-02,Covasna,1,12,3,9,0
2021-03-02,Covasna,2,251,10,241,0
2021-03-02,Covasna,3,1,0,1,0
2021-03-02,Dimbovita,1,19,12,7,0
2021-03-02,Dimbovita,2,812,214,598,0
2021-03-02,Dimbovita,3,1,0,1,0
2021-03-02,Dolj,1,84,23,61,0
2021-03-02,Dolj,2,1226,327,899,0
2021-03-02,Dolj,3,1,0,1,0
2021-03-02,Galati,1,9,6,3,0
2021-03-02,Galati,2,690,255,435,0
2021-03-02,Galati,3,0,0,0,0
2021-03-02,Giurgiu,1,11,5,6,0
2021-03-02,Giurgiu,2,580,113,467,0
2021-03-02,Giurgiu,3,0,0,0,0
2021-03-02,Gorj,1,20,2,18,0
2021-03-02,Gorj,2,758,44,714,0
2021-03-02,Gorj,3,0,0,0,0
2021-03-02,Harghita,1,21,1,20,0
2021-03-02,Harghita,2,730,27,703,0
2021-03-02,Harghita,3,1,0,1,0
2021-03-02,Hunedoara,1,9,5,4,0
2021-03-02,Hunedoara,2,677,208,469,0
2021-03-02,Hunedoara,3,1,0,1,0
2021-03-02,Ialomita,1,38,11,27,0
2021-03-02,Ialomita,2,570,99,471,0
2021-03-02,Ialomita,3,0,0,0,0
2021-03-02,Iasi,1,104,31,73,0
2021-03-02,Iasi,2,1337,247,1090,0
2021-03-02,Iasi,3,1,0,1,0
2021-03-02,Ilfov,1,34,5,29,0
2021-03-02,Ilfov,2,838,168,670,0
2021-03-02,Ilfov,3,5,0,5,0
2021-03-02,Maramures,1,57,9,48,0
2021-03-02,Maramures,2,1288,126,1162,0
2021-03-02,Maramures,3,2,0,2,0
2021-03-02,Mehedinti,1,13,0,13,0
2021-03-02,Mehedinti,2,420,6,414,0
2021-03-02,Mehedinti,3,0,0,0,0
2021-03-02,Mures,1,128,36,92,0
2021-03-02,Mures,2,2308,349,1959,0
2021-03-02,Mures,3,2,0,2,0
2021-03-02,Neamt,1,10,2,8,0
2021-03-02,Neamt,2,684,104,580,0
2021-03-02,Neamt,3,3,3,0,0
2021-03-02,Olt,1,19,5,14,0
2021-03-02,Olt,2,645,162,483,0
2021-03-02,Olt,3,1,1,0,0
2021-03-02,Prahova,1,59,7,52,0
2021-03-02,Prahova,2,1598,259,1339,0
2021-03-02,Prahova,3,0,0,0,0
2021-03-02,Salaj,1,3,0,3,0
2021-03-02,Salaj,2,379,70,309,0
2021-03-02,Salaj,3,0,0,0,0
2021-03-02,Satu-Mare,1,20,10,10,0
2021-03-02,Satu-Mare,2,587,150,437,0
2021-03-02,Satu-Mare,3,0,0,0,0
2021-03-02,Sibiu,1,43,12,31,0
2021-03-02,Sibiu,2,777,277,500,0
2021-03-02,Sibiu,3,0,0,0,0
2021-03-02,Suceava,1,58,4,54,0
2021-03-02,Suceava,2,919,75,844,0
2021-03-02,Suceava,3,0,0,0,0
2021-03-02,Teleorman,1,14,1,13,0
2021-03-02,Teleorman,2,521,58,463,0
2021-03-02,Teleorman,3,0,0,0,0
2021-03-02,Timis,1,104,67,37,0
2021-03-02,Timis,2,1159,437,722,0
2021-03-02,Timis,3,0,0,0,0
2021-03-02,Tulcea,1,3,2,1,0
2021-03-02,Tulcea,2,211,98,113,0
2021-03-02,Tulcea,3,0,0,0,0
2021-03-02,Valcea,1,9,5,4,0
2021-03-02,Valcea,2,554,132,422,0
2021-03-02,Valcea,3,0,0,0,0
2021-03-02,Vaslui,1,27,1,26,0
2021-03-02,Vaslui,2,556,60,496,0
2021-03-02,Vaslui,3,0,0,0,0
2021-03-02,Vrancea,1,5,1,4,0
2021-03-02,Vrancea,2,498,107,391,0
2021-03-02,Vrancea,3,1,0,1,0
2021-03-03,Alba,1,19,7,12,0
2021-03-03,Alba,2,882,115,767,0
2021-03-03,Alba,3,0,0,0,0
2021-03-03,Arad,1,16,5,11,0
2021-03-03,Arad,2,709,156,553,0
2021-03-03,Arad,3,0,0,0,0
2021-03-03,Arges,1,31,14,17,0
2021-03-03,Arges,2,752,229,523,0
2021-03-03,Arges,3,0,0,0,0
2021-03-03,Bacau,1,30,6,24,0
2021-03-03,Bacau,2,630,187,443,0
2021-03-03,Bacau,3,1,0,1,0
2021-03-03,Bihor,1,107,19,88,0
2021-03-03,Bihor,2,1131,168,963,0
2021-03-03,Bihor,3,0,0,0,0
2021-03-03,Bistrita-Nasaud,1,22,10,12,0
2021-03-03,Bistrita-Nasaud,2,380,91,289,0
2021-03-03,Bistrita-Nasaud,3,0,0,0,0
2021-03-03,Botosani,1,5,1,4,0
2021-03-03,Botosani,2,393,67,326,0
2021-03-03,Botosani,3,0,0,0,0
2021-03-03,Braila,1,20,2,18,0
2021-03-03,Braila,2,374,62,312,0
2021-03-03,Braila,3,0,0,0,0
2021-03-03,Brasov,1,59,17,42,0
2021-03-03,Brasov,2,1011,254,757,0
2021-03-03,Brasov,3,0,0,0,0
2021-03-03,Bucuresti,1,383,221,161,1
2021-03-03,Bucuresti,2,5100,1460,3631,9
2021-03-03,Bucuresti,3,2,0,2,0
2021-03-03,Buzau,1,100,7,93,0
2021-03-03,Buzau,2,757,246,511,0
2021-03-03,Buzau,3,0,0,0,0
2021-03-03,Calarasi,1,11,2,9,0
2021-03-03,Calarasi,2,528,115,413,0
2021-03-03,Calarasi,3,1,0,1,0
2021-03-03,Caras-Severin,1,12,0,12,0
2021-03-03,Caras-Severin,2,468,30,438,0
2021-03-03,Caras-Severin,3,0,0,0,0
2021-03-03,Cluj,1,160,37,123,0
2021-03-03,Cluj,2,1718,659,1059,0
2021-03-03,Cluj,3,16,16,0,0
2021-03-03,Constanta,1,65,16,49,0
2021-03-03,Constanta,2,1231,489,742,0
2021-03-03,Constanta,3,0,0,0,0
2021-03-03,Covasna,1,2,2,0,0
2021-03-03,Covasna,2,266,38,228,0
2021-03-03,Covasna,3,0,0,0,0
2021-03-03,Dimbovita,1,40,10,30,0
2021-03-03,Dimbovita,2,780,246,534,0
2021-03-03,Dimbovita,3,0,0,0,0
2021-03-03,Dolj,1,49,27,22,0
2021-03-03,Dolj,2,1255,300,955,0
2021-03-03,Dolj,3,1,1,0,0
2021-03-03,Galati,1,29,14,15,0
2021-03-03,Galati,2,683,227,456,0
2021-03-03,Galati,3,0,0,0,0
2021-03-03,Giurgiu,1,16,4,12,0
2021-03-03,Giurgiu,2,557,95,462,0
2021-03-03,Giurgiu,3,0,0,0,0
2021-03-03,Gorj,1,28,0,28,0
2021-03-03,Gorj,2,794,48,746,0
2021-03-03,Gorj,3,0,0,0,0
2021-03-03,Harghita,1,16,1,15,0
2021-03-03,Harghita,2,704,25,679,0
2021-03-03,Harghita,3,1,0,1,0
2021-03-03,Hunedoara,1,7,1,6,0
2021-03-03,Hunedoara,2,498,89,409,0
2021-03-03,Hunedoara,3,2,0,2,0
2021-03-03,Ialomita,1,31,16,15,0
2021-03-03,Ialomita,2,526,104,422,0
2021-03-03,Ialomita,3,0,0,0,0
2021-03-03,Iasi,1,152,49,103,0
2021-03-03,Iasi,2,1355,162,1193,0
2021-03-03,Iasi,3,0,0,0,0
2021-03-03,Ilfov,1,45,10,35,0
2021-03-03,Ilfov,2,922,129,793,0
2021-03-03,Ilfov,3,9,0,9,0
2021-03-03,Maramures,1,41,10,31,0
2021-03-03,Maramures,2,1091,103,988,0
2021-03-03,Maramures,3,1,0,1,0
2021-03-03,Mehedinti,1,14,0,14,0
2021-03-03,Mehedinti,2,422,4,418,0
2021-03-03,Mehedinti,3,0,0,0,0
2021-03-03,Mures,1,97,40,57,0
2021-03-03,Mures,2,2085,295,1790,0
2021-03-03,Mures,3,1,0,1,0
2021-03-03,Neamt,1,6,0,6,0
2021-03-03,Neamt,2,604,76,528,0
2021-03-03,Neamt,3,0,0,0,0
2021-03-03,Olt,1,23,7,16,0
2021-03-03,Olt,2,659,166,493,0
2021-03-03,Olt,3,1,1,0,0
2021-03-03,Prahova,1,54,14,40,0
2021-03-03,Prahova,2,1608,251,1357,0
2021-03-03,Prahova,3,4,1,3,0
2021-03-03,Salaj,1,4,2,2,0
2021-03-03,Salaj,2,369,18,351,0
2021-03-03,Salaj,3,0,0,0,0
2021-03-03,Satu-Mare,1,17,3,14,0
2021-03-03,Satu-Mare,2,554,57,497,0
2021-03-03,Satu-Mare,3,0,0,0,0
2021-03-03,Sibiu,1,20,19,1,0
2021-03-03,Sibiu,2,769,262,507,0
2021-03-03,Sibiu,3,1,0,1,0
2021-03-03,Suceava,1,37,2,35,0
2021-03-03,Suceava,2,923,59,864,0
2021-03-03,Suceava,3,0,0,0,0
2021-03-03,Teleorman,1,13,2,11,0
2021-03-03,Teleorman,2,526,48,478,0
2021-03-03,Teleorman,3,0,0,0,0
2021-03-03,Timis,1,77,54,23,0
2021-03-03,Timis,2,1181,459,722,0
2021-03-03,Timis,3,0,0,0,0
2021-03-03,Tulcea,1,5,4,1,0
2021-03-03,Tulcea,2,313,92,221,0
2021-03-03,Tulcea,3,0,0,0,0
2021-03-03,Valcea,1,10,1,9,0
2021-03-03,Valcea,2,551,122,429,0
2021-03-03,Valcea,3,0,0,0,0
2021-03-03,Vaslui,1,20,1,19,0
2021-03-03,Vaslui,2,530,99,431,0
2021-03-03,Vaslui,3,0,0,0,0
2021-03-03,Vrancea,1,24,4,20,0
2021-03-03,Vrancea,2,500,106,394,0
2021-03-03,Vrancea,3,0,0,0,0
2021-03-04,Alba,1,19,9,8,2
2021-03-04,Alba,2,1038,114,706,218
2021-03-04,Alba,3,0,0,0,0
2021-03-04,Arad,1,22,10,12,0
2021-03-04,Arad,2,629,125,504,0
2021-03-04,Arad,3,0,0,0,0
2021-03-04,Arges,1,66,11,44,11
2021-03-04,Arges,2,948,211,550,187
2021-03-04,Arges,3,0,0,0,0
2021-03-04,Bacau,1,54,5,49,0
2021-03-04,Bacau,2,675,174,461,40
2021-03-04,Bacau,3,0,0,0,0
2021-03-04,Bihor,1,184,8,175,1
2021-03-04,Bihor,2,1431,136,1046,249
2021-03-04,Bihor,3,0,0,0,0
2021-03-04,Bistrita-Nasaud,1,8,1,6,1
2021-03-04,Bistrita-Nasaud,2,491,94,288,109
2021-03-04,Bistrita-Nasaud,3,1,0,1,0
2021-03-04,Botosani,1,17,5,11,1
2021-03-04,Botosani,2,427,55,313,59
2021-03-04,Botosani,3,2,0,2,0
2021-03-04,Braila,1,14,3,11,0
2021-03-04,Braila,2,492,60,313,119
2021-03-04,Braila,3,1,1,0,0
2021-03-04,Brasov,1,47,6,38,3
2021-03-04,Brasov,2,1312,251,824,237
2021-03-04,Brasov,3,0,0,0,0
2021-03-04,Bucuresti,1,288,114,137,37
2021-03-04,Bucuresti,2,5850,1437,3530,883
2021-03-04,Bucuresti,3,9,2,5,2
2021-03-04,Buzau,1,70,5,63,2
2021-03-04,Buzau,2,955,251,537,167
2021-03-04,Buzau,3,0,0,0,0
2021-03-04,Calarasi,1,14,0,13,1
2021-03-04,Calarasi,2,599,111,389,99
2021-03-04,Calarasi,3,0,0,0,0
2021-03-04,Caras-Severin,1,27,0,27,0
2021-03-04,Caras-Severin,2,605,10,505,90
2021-03-04,Caras-Severin,3,0,0,0,0
2021-03-04,Cluj,1,154,32,106,16
2021-03-04,Cluj,2,2015,462,1192,361
2021-03-04,Cluj,3,19,18,1,0
2021-03-04,Constanta,1,68,25,42,1
2021-03-04,Constanta,2,1634,529,726,379
2021-03-04,Constanta,3,1,1,0,0
2021-03-04,Covasna,1,2,2,0,0
2021-03-04,Covasna,2,251,11,240,0
2021-03-04,Covasna,3,0,0,0,0
2021-03-04,Dimbovita,1,36,7,22,7
2021-03-04,Dimbovita,2,835,203,560,72
2021-03-04,Dimbovita,3,0,0,0,0
2021-03-04,Dolj,1,98,78,18,2
2021-03-04,Dolj,2,1471,217,876,378
2021-03-04,Dolj,3,3,2,1,0
2021-03-04,Galati,1,31,16,15,0
2021-03-04,Galati,2,774,167,537,70
2021-03-04,Galati,3,0,0,0,0
2021-03-04,Giurgiu,1,13,1,9,3
2021-03-04,Giurgiu,2,669,107,446,116
2021-03-04,Giurgiu,3,1,0,1,0
2021-03-04,Gorj,1,17,1,16,0
2021-03-04,Gorj,2,904,21,764,119
2021-03-04,Gorj,3,0,0,0,0
2021-03-04,Harghita,1,27,2,24,1
2021-03-04,Harghita,2,860,30,731,99
2021-03-04,Harghita,3,0,0,0,0
2021-03-04,Hunedoara,1,9,3,6,0
2021-03-04,Hunedoara,2,655,115,540,0
2021-03-04,Hunedoara,3,1,0,1,0
2021-03-04,Ialomita,1,35,7,28,0
2021-03-04,Ialomita,2,494,93,401,0
2021-03-04,Ialomita,3,0,0,0,0
2021-03-04,Iasi,1,146,32,105,9
2021-03-04,Iasi,2,1931,168,1272,491
2021-03-04,Iasi,3,7,1,2,4
2021-03-04,Ilfov,1,33,9,23,1
2021-03-04,Ilfov,2,969,112,735,122
2021-03-04,Ilfov,3,7,0,5,2
2021-03-04,Maramures,1,33,9,22,2
2021-03-04,Maramures,2,1373,101,1004,268
2021-03-04,Maramures,3,6,0,6,0
2021-03-04,Mehedinti,1,12,0,7,5
2021-03-04,Mehedinti,2,538,10,413,115
2021-03-04,Mehedinti,3,0,0,0,0
2021-03-04,Mures,1,93,57,31,5
2021-03-04,Mures,2,2640,231,1787,622
2021-03-04,Mures,3,6,0,6,0
2021-03-04,Neamt,1,15,0,14,1
2021-03-04,Neamt,2,719,69,562,88
2021-03-04,Neamt,3,3,3,0,0
2021-03-04,Olt,1,22,8,12,2
2021-03-04,Olt,2,793,134,541,118
2021-03-04,Olt,3,0,0,0,0
2021-03-04,Prahova,1,78,14,63,1
2021-03-04,Prahova,2,2026,240,1347,439
2021-03-04,Prahova,3,2,0,2,0
2021-03-04,Salaj,1,3,1,2,0
2021-03-04,Salaj,2,465,19,346,100
2021-03-04,Salaj,3,0,0,0,0
2021-03-04,Satu-Mare,1,44,4,40,0
2021-03-04,Satu-Mare,2,647,39,608,0
2021-03-04,Satu-Mare,3,0,0,0,0
2021-03-04,Sibiu,1,24,6,18,0
2021-03-04,Sibiu,2,854,181,463,210
2021-03-04,Sibiu,3,0,0,0,0
2021-03-04,Suceava,1,60,2,58,0
2021-03-04,Suceava,2,879,33,846,0
2021-03-04,Suceava,3,1,0,1,0
2021-03-04,Teleorman,1,14,0,10,4
2021-03-04,Teleorman,2,649,30,494,125
2021-03-04,Teleorman,3,0,0,0,0
2021-03-04,Timis,1,142,97,26,19
2021-03-04,Timis,2,1219,388,730,101
2021-03-04,Timis,3,0,0,0,0
2021-03-04,Tulcea,1,0,0,0,0
2021-03-04,Tulcea,2,344,66,228,50
2021-03-04,Tulcea,3,0,0,0,0
2021-03-04,Valcea,1,18,2,9,7
2021-03-04,Valcea,2,660,99,438,123
2021-03-04,Valcea,3,4,0,4,0
2021-03-04,Vaslui,1,30,0,27,3
2021-03-04,Vaslui,2,567,66,375,126
2021-03-04,Vaslui,3,0,0,0,0
2021-03-04,Vrancea,1,33,8,14,11
2021-03-04,Vrancea,2,504,72,395,37
2021-03-04,Vrancea,3,0,0,0,0
2021-03-05,Alba,1,23,5,17,1
2021-03-05,Alba,2,993,127,667,199
2021-03-05,Alba,3,0,0,0,0
2021-03-05,Arad,1,65,9,56,0
2021-03-05,Arad,2,661,205,436,20
2021-03-05,Arad,3,2,2,0,0
2021-03-05,Arges,1,31,13,16,2
2021-03-05,Arges,2,954,211,566,177
2021-03-05,Arges,3,0,0,0,0
2021-03-05,Bacau,1,17,2,13,2
2021-03-05,Bacau,2,822,186,518,118
2021-03-05,Bacau,3,1,0,1,0
2021-03-05,Bihor,1,86,10,74,2
2021-03-05,Bihor,2,1349,179,922,248
2021-03-05,Bihor,3,0,0,0,0
2021-03-05,Bistrita-Nasaud,1,14,5,8,1
2021-03-05,Bistrita-Nasaud,2,506,101,296,109
2021-03-05,Bistrita-Nasaud,3,2,0,2,0
2021-03-05,Botosani,1,17,6,11,0
2021-03-05,Botosani,2,541,83,354,104
2021-03-05,Botosani,3,3,0,1,2
2021-03-05,Braila,1,31,10,21,0
2021-03-05,Braila,2,595,71,416,108
2021-03-05,Braila,3,0,0,0,0
2021-03-05,Brasov,1,116,15,98,3
2021-03-05,Brasov,2,1309,211,861,237
2021-03-05,Brasov,3,0,0,0,0
2021-03-05,Bucuresti,1,334,113,200,21
2021-03-05,Bucuresti,2,6111,1173,3879,1059
2021-03-05,Bucuresti,3,24,0,17,7
2021-03-05,Buzau,1,34,3,30,1
2021-03-05,Buzau,2,869,168,544,157
2021-03-05,Buzau,3,0,0,0,0
2021-03-05,Calarasi,1,26,1,25,0
2021-03-05,Calarasi,2,629,112,437,80
2021-03-05,Calarasi,3,0,0,0,0
2021-03-05,Caras-Severin,1,103,0,101,2
2021-03-05,Caras-Severin,2,569,26,465,78
2021-03-05,Caras-Severin,3,0,0,0,0
2021-03-05,Cluj,1,125,32,57,36
2021-03-05,Cluj,2,1994,641,930,423
2021-03-05,Cluj,3,24,23,0,1
2021-03-05,Constanta,1,45,14,31,0
2021-03-05,Constanta,2,1363,333,701,329
2021-03-05,Constanta,3,2,0,0,2
2021-03-05,Covasna,1,4,1,3,0
2021-03-05,Covasna,2,259,22,237,0
2021-03-05,Covasna,3,0,0,0,0
2021-03-05,Dimbovita,1,34,7,27,0
2021-03-05,Dimbovita,2,827,204,563,60
2021-03-05,Dimbovita,3,1,0,1,0
2021-03-05,Dolj,1,148,118,23,7
2021-03-05,Dolj,2,1404,164,876,364
2021-03-05,Dolj,3,0,0,0,0
2021-03-05,Galati,1,42,24,18,0
2021-03-05,Galati,2,873,167,517,189
2021-03-05,Galati,3,0,0,0,0
2021-03-05,Giurgiu,1,19,5,14,0
2021-03-05,Giurgiu,2,639,95,454,90
2021-03-05,Giurgiu,3,0,0,0,0
2021-03-05,Gorj,1,43,1,39,3
2021-03-05,Gorj,2,967,30,800,137
2021-03-05,Gorj,3,1,0,1,0
2021-03-05,Harghita,1,29,2,26,1
2021-03-05,Harghita,2,920,27,704,189
2021-03-05,Harghita,3,2,0,2,0
2021-03-05,Hunedoara,1,9,6,3,0
2021-03-05,Hunedoara,2,563,98,465,0
2021-03-05,Hunedoara,3,0,0,0,0
2021-03-05,Ialomita,1,25,5,14,6
2021-03-05,Ialomita,2,595,105,400,90
2021-03-05,Ialomita,3,0,0,0,0
2021-03-05,Iasi,1,136,10,116,10
2021-03-05,Iasi,2,1946,175,1272,499
2021-03-05,Iasi,3,10,0,4,6
2021-03-05,Ilfov,1,42,1,33,8
2021-03-05,Ilfov,2,997,97,752,148
2021-03-05,Ilfov,3,15,0,11,4
2021-03-05,Maramures,1,67,10,50,7
2021-03-05,Maramures,2,1528,103,1114,311
2021-03-05,Maramures,3,1,0,0,1
2021-03-05,Mehedinti,1,30,0,27,3
2021-03-05,Mehedinti,2,576,38,411,127
2021-03-05,Mehedinti,3,1,1,0,0
2021-03-05,Mures,1,121,39,73,9
2021-03-05,Mures,2,2899,269,1865,765
2021-03-05,Mures,3,1,0,0,1
2021-03-05,Neamt,1,16,3,13,0
2021-03-05,Neamt,2,891,70,671,150
2021-03-05,Neamt,3,0,0,0,0
2021-03-05,Olt,1,15,6,6,3
2021-03-05,Olt,2,745,105,515,125
2021-03-05,Olt,3,3,0,1,2
2021-03-05,Prahova,1,93,19,65,9
2021-03-05,Prahova,2,2255,279,1495,481
2021-03-05,Prahova,3,0,0,0,0
2021-03-05,Salaj,1,9,4,5,0
2021-03-05,Salaj,2,525,86,349,90
2021-03-05,Salaj,3,0,0,0,0
2021-03-05,Satu-Mare,1,48,6,25,17
2021-03-05,Satu-Mare,2,718,102,466,150
2021-03-05,Satu-Mare,3,3,0,0,3
2021-03-05,Sibiu,1,12,8,4,0
2021-03-05,Sibiu,2,761,189,402,170
2021-03-05,Sibiu,3,0,0,0,0
2021-03-05,Suceava,1,32,3,29,0
2021-03-05,Suceava,2,978,51,899,28
2021-03-05,Suceava,3,2,0,2,0
2021-03-05,Teleorman,1,19,0,8,11
2021-03-05,Teleorman,2,669,38,502,129
2021-03-05,Teleorman,3,0,0,0,0
2021-03-05,Timis,1,116,65,36,15
2021-03-05,Timis,2,1424,447,810,167
2021-03-05,Timis,3,0,0,0,0
2021-03-05,Tulcea,1,3,2,1,0
2021-03-05,Tulcea,2,332,47,215,70
2021-03-05,Tulcea,3,0,0,0,0
2021-03-05,Valcea,1,20,2,18,0
2021-03-05,Valcea,2,705,126,430,149
2021-03-05,Valcea,3,2,1,1,0
2021-03-05,Vaslui,1,21,1,20,0
2021-03-05,Vaslui,2,615,73,472,70
2021-03-05,Vaslui,3,0,0,0,0
2021-03-05,Vrancea,1,24,8,14,2
2021-03-05,Vrancea,2,630,97,465,68
2021-03-05,Vrancea,3,0,0,0,0
2021-03-06,Alba,1,20,5,15,0
2021-03-06,Alba,2,1023,120,733,170
2021-03-06,Alba,3,2,0,2,0
2021-03-06,Arad,1,31,6,24,1
2021-03-06,Arad,2,851,158,564,129
2021-03-06,Arad,3,0,0,0,0
2021-03-06,Arges,1,43,10,29,4
2021-03-06,Arges,2,1012,188,577,247
2021-03-06,Arges,3,0,0,0,0
2021-03-06,Bacau,1,32,4,27,1
2021-03-06,Bacau,2,928,172,599,157
2021-03-06,Bacau,3,0,0,0,0
2021-03-06,Bihor,1,34,9,23,2
2021-03-06,Bihor,2,1378,169,931,278
2021-03-06,Bihor,3,0,0,0,0
2021-03-06,Bistrita-Nasaud,1,14,1,11,2
2021-03-06,Bistrita-Nasaud,2,552,93,361,98
2021-03-06,Bistrita-Nasaud,3,0,0,0,0
2021-03-06,Botosani,1,15,5,8,2
2021-03-06,Botosani,2,507,57,322,128
2021-03-06,Botosani,3,1,0,0,1
2021-03-06,Braila,1,30,6,24,0
2021-03-06,Braila,2,574,64,402,108
2021-03-06,Braila,3,0,0,0,0
2021-03-06,Brasov,1,64,12,52,0
2021-03-06,Brasov,2,1138,192,716,230
2021-03-06,Brasov,3,0,0,0,0
2021-03-06,Bucuresti,1,386,112,258,16
2021-03-06,Bucuresti,2,6425,1187,4057,1181
2021-03-06,Bucuresti,3,13,1,8,4
2021-03-06,Buzau,1,25,5,20,0
2021-03-06,Buzau,2,1025,125,732,168
2021-03-06,Buzau,3,0,0,0,0
2021-03-06,Calarasi,1,9,2,7,0
2021-03-06,Calarasi,2,663,108,455,100
2021-03-06,Calarasi,3,0,0,0,0
2021-03-06,Caras-Severin,1,51,1,49,1
2021-03-06,Caras-Severin,2,708,66,544,98
2021-03-06,Caras-Severin,3,2,0,1,1
2021-03-06,Cluj,1,257,23,230,4
2021-03-06,Cluj,2,2111,516,1180,415
2021-03-06,Cluj,3,40,40,0,0
2021-03-06,Constanta,1,54,9,43,2
2021-03-06,Constanta,2,1839,262,1239,338
2021-03-06,Constanta,3,1,0,1,0
2021-03-06,Covasna,1,0,0,0,0
2021-03-06,Covasna,2,326,29,257,40
2021-03-06,Covasna,3,0,0,0,0
2021-03-06,Dimbovita,1,13,4,9,0
2021-03-06,Dimbovita,2,966,195,591,180
2021-03-06,Dimbovita,3,0,0,0,0
2021-03-06,Dolj,1,53,30,21,2
2021-03-06,Dolj,2,1465,262,855,348
2021-03-06,Dolj,3,0,0,0,0
2021-03-06,Galati,1,44,5,39,0
2021-03-06,Galati,2,814,183,532,99
2021-03-06,Galati,3,0,0,0,0
2021-03-06,Giurgiu,1,11,1,10,0
2021-03-06,Giurgiu,2,736,94,452,190
2021-03-06,Giurgiu,3,0,0,0,0
2021-03-06,Gorj,1,50,2,46,2
2021-03-06,Gorj,2,928,28,782,118
2021-03-06,Gorj,3,0,0,0,0
2021-03-06,Harghita,1,53,2,51,0
2021-03-06,Harghita,2,814,45,669,100
2021-03-06,Harghita,3,0,0,0,0
2021-03-06,Hunedoara,1,20,4,16,0
2021-03-06,Hunedoara,2,744,95,649,0
2021-03-06,Hunedoara,3,1,0,1,0
2021-03-06,Ialomita,1,26,10,13,3
2021-03-06,Ialomita,2,713,89,497,127
2021-03-06,Ialomita,3,0,0,0,0
2021-03-06,Iasi,1,107,15,90,2
2021-03-06,Iasi,2,2042,205,1366,471
2021-03-06,Iasi,3,2,0,2,0
2021-03-06,Ilfov,1,61,5,46,10
2021-03-06,Ilfov,2,989,86,706,197
2021-03-06,Ilfov,3,6,0,6,0
2021-03-06,Maramures,1,31,7,22,2
2021-03-06,Maramures,2,1400,114,1129,157
2021-03-06,Maramures,3,0,0,0,0
2021-03-06,Mehedinti,1,30,4,22,4
2021-03-06,Mehedinti,2,621,31,494,96
2021-03-06,Mehedinti,3,0,0,0,0
2021-03-06,Mures,1,86,32,51,3
2021-03-06,Mures,2,2434,280,1898,256
2021-03-06,Mures,3,0,0,0,0
2021-03-06,Neamt,1,18,5,12,1
2021-03-06,Neamt,2,690,48,533,109
2021-03-06,Neamt,3,1,0,1,0
2021-03-06,Olt,1,27,9,14,4
2021-03-06,Olt,2,703,102,455,146
2021-03-06,Olt,3,1,1,0,0
2021-03-06,Prahova,1,73,14,58,1
2021-03-06,Prahova,2,2015,285,1334,396
2021-03-06,Prahova,3,0,0,0,0
2021-03-06,Salaj,1,22,5,17,0
2021-03-06,Salaj,2,514,65,359,90
2021-03-06,Salaj,3,0,0,0,0
2021-03-06,Satu-Mare,1,15,4,7,4
2021-03-06,Satu-Mare,2,643,124,413,106
2021-03-06,Satu-Mare,3,0,0,0,0
2021-03-06,Sibiu,1,45,9,32,4
2021-03-06,Sibiu,2,954,162,567,225
2021-03-06,Sibiu,3,0,0,0,0
2021-03-06,Suceava,1,32,5,24,3
2021-03-06,Suceava,2,1148,83,900,165
2021-03-06,Suceava,3,0,0,0,0
2021-03-06,Teleorman,1,20,8,8,4
2021-03-06,Teleorman,2,746,80,520,146
2021-03-06,Teleorman,3,1,0,1,0
2021-03-06,Timis,1,93,45,46,2
2021-03-06,Timis,2,1498,470,848,180
2021-03-06,Timis,3,0,0,0,0
2021-03-06,Tulcea,1,1,0,1,0
2021-03-06,Tulcea,2,352,40,263,49
2021-03-06,Tulcea,3,1,0,0,1
2021-03-06,Valcea,1,32,3,28,1
2021-03-06,Valcea,2,690,81,430,179
2021-03-06,Valcea,3,1,0,1,0
2021-03-06,Vaslui,1,44,9,34,1
2021-03-06,Vaslui,2,688,52,469,167
2021-03-06,Vaslui,3,0,0,0,0
2021-03-06,Vrancea,1,13,4,8,1
2021-03-06,Vrancea,2,630,60,484,86
2021-03-06,Vrancea,3,3,0,0,3
2021-03-07,Alba,1,10,2,8,0
2021-03-07,Alba,2,992,120,772,100
2021-03-07,Alba,3,0,0,0,0
2021-03-07,Arad,1,26,18,8,0
2021-03-07,Arad,2,722,96,517,109
2021-03-07,Arad,3,2,0,1,1
2021-03-07,Arges,1,21,8,9,4
2021-03-07,Arges,2,935,149,590,196
2021-03-07,Arges,3,1,0,1,0
2021-03-07,Bacau,1,18,4,12,2
2021-03-07,Bacau,2,917,143,576,198
2021-03-07,Bacau,3,0,0,0,0
2021-03-07,Bihor,1,35,11,22,2
2021-03-07,Bihor,2,1404,153,943,308
2021-03-07,Bihor,3,1,0,1,0
2021-03-07,Bistrita-Nasaud,1,8,3,5,0
2021-03-07,Bistrita-Nasaud,2,541,76,365,100
2021-03-07,Bistrita-Nasaud,3,0,0,0,0
2021-03-07,Botosani,1,9,2,7,0
2021-03-07,Botosani,2,522,61,341,120
2021-03-07,Botosani,3,0,0,0,0
2021-03-07,Braila,1,53,3,47,3
2021-03-07,Braila,2,573,57,409,107
2021-03-07,Braila,3,0,0,0,0
2021-03-07,Brasov,1,42,4,38,0
2021-03-07,Brasov,2,1205,207,688,310
2021-03-07,Brasov,3,0,0,0,0
2021-03-07,Bucuresti,1,301,127,156,18
2021-03-07,Bucuresti,2,6100,1169,3841,1090
2021-03-07,Bucuresti,3,21,1,20,0
2021-03-07,Buzau,1,38,7,30,1
2021-03-07,Buzau,2,1185,77,943,165
2021-03-07,Buzau,3,0,0,0,0
2021-03-07,Calarasi,1,14,5,6,3
2021-03-07,Calarasi,2,676,95,444,137
2021-03-07,Calarasi,3,0,0,0,0
2021-03-07,Caras-Severin,1,18,1,17,0
2021-03-07,Caras-Severin,2,672,17,547,108
2021-03-07,Caras-Severin,3,2,0,0,2
2021-03-07,Cluj,1,199,37,161,1
2021-03-07,Cluj,2,1597,410,929,258
2021-03-07,Cluj,3,31,30,1,0
2021-03-07,Constanta,1,41,13,23,5
2021-03-07,Constanta,2,1884,313,1121,450
2021-03-07,Constanta,3,0,0,0,0
2021-03-07,Covasna,1,2,0,2,0
2021-03-07,Covasna,2,348,42,256,50
2021-03-07,Covasna,3,0,0,0,0
2021-03-07,Dimbovita,1,32,14,13,5
2021-03-07,Dimbovita,2,977,201,591,185
2021-03-07,Dimbovita,3,2,0,2,0
2021-03-07,Dolj,1,58,18,38,2
2021-03-07,Dolj,2,1366,213,885,268
2021-03-07,Dolj,3,2,2,0,0
2021-03-07,Galati,1,46,28,18,0
2021-03-07,Galati,2,810,147,561,102
2021-03-07,Galati,3,1,0,1,0
2021-03-07,Giurgiu,1,12,4,5,3
2021-03-07,Giurgiu,2,674,107,451,116
2021-03-07,Giurgiu,3,0,0,0,0
2021-03-07,Gorj,1,45,4,31,10
2021-03-07,Gorj,2,922,27,796,99
2021-03-07,Gorj,3,0,0,0,0
2021-03-07,Harghita,1,27,1,26,0
2021-03-07,Harghita,2,860,16,774,70
2021-03-07,Harghita,3,3,0,3,0
2021-03-07,Hunedoara,1,9,2,7,0
2021-03-07,Hunedoara,2,528,73,455,0
2021-03-07,Hunedoara,3,0,0,0,0
2021-03-07,Ialomita,1,19,7,12,0
2021-03-07,Ialomita,2,606,103,443,60
2021-03-07,Ialomita,3,1,0,1,0
2021-03-07,Iasi,1,168,45,120,3
2021-03-07,Iasi,2,1529,137,1055,337
2021-03-07,Iasi,3,1,0,0,1
2021-03-07,Ilfov,1,37,3,34,0
2021-03-07,Ilfov,2,885,90,578,217
2021-03-07,Ilfov,3,5,0,3,2
2021-03-07,Maramures,1,23,6,16,1
2021-03-07,Maramures,2,1118,105,884,129
2021-03-07,Maramures,3,0,0,0,0
2021-03-07,Mehedinti,1,13,2,11,0
2021-03-07,Mehedinti,2,556,23,433,100
2021-03-07,Mehedinti,3,0,0,0,0
2021-03-07,Mures,1,94,45,48,1
2021-03-07,Mures,2,2078,232,1697,149
2021-03-07,Mures,3,1,0,1,0
2021-03-07,Neamt,1,21,9,9,3
2021-03-07,Neamt,2,671,38,536,97
2021-03-07,Neamt,3,1,0,1,0
2021-03-07,Olt,1,15,3,11,1
2021-03-07,Olt,2,641,55,457,129
2021-03-07,Olt,3,0,0,0,0
2021-03-07,Prahova,1,41,8,30,3
2021-03-07,Prahova,2,1977,176,1326,475
2021-03-07,Prahova,3,0,0,0,0
2021-03-07,Salaj,1,5,2,3,0
2021-03-07,Salaj,2,490,48,342,100
2021-03-07,Salaj,3,0,0,0,0
2021-03-07,Satu-Mare,1,9,1,6,2
2021-03-07,Satu-Mare,2,644,67,409,168
2021-03-07,Satu-Mare,3,0,0,0,0
2021-03-07,Sibiu,1,10,7,3,0
2021-03-07,Sibiu,2,909,172,567,170
2021-03-07,Sibiu,3,0,0,0,0
2021-03-07,Suceava,1,18,0,18,0
2021-03-07,Suceava,2,1054,39,874,141
2021-03-07,Suceava,3,2,0,2,0
2021-03-07,Teleorman,1,23,6,9,8
2021-03-07,Teleorman,2,704,35,527,142
2021-03-07,Teleorman,3,0,0,0,0
2021-03-07,Timis,1,77,50,27,0
2021-03-07,Timis,2,1373,385,849,139
2021-03-07,Timis,3,0,0,0,0
2021-03-07,Tulcea,1,0,0,0,0
2021-03-07,Tulcea,2,321,37,234,50
2021-03-07,Tulcea,3,0,0,0,0
2021-03-07,Valcea,1,13,4,8,1
2021-03-07,Valcea,2,735,67,520,148
2021-03-07,Valcea,3,0,0,0,0
2021-03-07,Vaslui,1,28,1,27,0
2021-03-07,Vaslui,2,656,49,477,130
2021-03-07,Vaslui,3,0,0,0,0
2021-03-07,Vrancea,1,14,2,12,0
2021-03-07,Vrancea,2,706,32,568,106
2021-03-07,Vrancea,3,5,0,2,3
2021-03-08,Alba,1,15,10,5,0
2021-03-08,Alba,2,945,112,763,70
2021-03-08,Alba,3,0,0,0,0
2021-03-08,Arad,1,15,7,8,0
2021-03-08,Arad,2,642,112,460,70
2021-03-08,Arad,3,0,0,0,0
2021-03-08,Arges,1,48,3,45,0
2021-03-08,Arges,2,863,155,608,100
2021-03-08,Arges,3,1,0,1,0
2021-03-08,Bacau,1,23,5,17,1
2021-03-08,Bacau,2,756,106,593,57
2021-03-08,Bacau,3,2,0,0,2
2021-03-08,Bihor,1,35,9,25,1
2021-03-08,Bihor,2,1360,194,1036,130
2021-03-08,Bihor,3,2,0,1,1
2021-03-08,Bistrita-Nasaud,1,10,4,6,0
2021-03-08,Bistrita-Nasaud,2,466,103,343,20
2021-03-08,Bistrita-Nasaud,3,0,0,0,0
2021-03-08,Botosani,1,18,4,14,0
2021-03-08,Botosani,2,543,63,400,80
2021-03-08,Botosani,3,0,0,0,0
2021-03-08,Braila,1,55,0,55,0
2021-03-08,Braila,2,498,53,425,20
2021-03-08,Braila,3,0,0,0,0
2021-03-08,Brasov,1,66,10,56,0
2021-03-08,Brasov,2,1158,227,851,80
2021-03-08,Brasov,3,3,0,3,0
2021-03-08,Bucuresti,1,520,85,387,48
2021-03-08,Bucuresti,2,6548,1149,4311,1088
2021-03-08,Bucuresti,3,17,1,9,7
2021-03-08,Buzau,1,10,4,6,0
2021-03-08,Buzau,2,596,80,435,81
2021-03-08,Buzau,3,0,0,0,0
2021-03-08,Calarasi,1,12,2,10,0
2021-03-08,Calarasi,2,699,96,523,80
2021-03-08,Calarasi,3,1,0,1,0
2021-03-08,Caras-Severin,1,225,0,225,0
2021-03-08,Caras-Severin,2,606,29,537,40
2021-03-08,Caras-Severin,3,0,0,0,0
2021-03-08,Cluj,1,194,46,135,13
2021-03-08,Cluj,2,1873,416,1210,247
2021-03-08,Cluj,3,22,21,1,0
2021-03-08,Constanta,1,47,12,33,2
2021-03-08,Constanta,2,1752,276,1289,187
2021-03-08,Constanta,3,6,0,5,1
2021-03-08,Covasna,1,7,1,6,0
2021-03-08,Covasna,2,317,25,252,40
2021-03-08,Covasna,3,0,0,0,0
2021-03-08,Dimbovita,1,48,7,41,0
2021-03-08,Dimbovita,2,844,204,590,50
2021-03-08,Dimbovita,3,0,0,0,0
2021-03-08,Dolj,1,55,22,28,5
2021-03-08,Dolj,2,1313,224,951,138
2021-03-08,Dolj,3,1,0,0,1
2021-03-08,Galati,1,103,15,88,0
2021-03-08,Galati,2,782,132,650,0
2021-03-08,Galati,3,0,0,0,0
2021-03-08,Giurgiu,1,14,7,7,0
2021-03-08,Giurgiu,2,632,97,485,50
2021-03-08,Giurgiu,3,0,0,0,0
2021-03-08,Gorj,1,31,4,26,1
2021-03-08,Gorj,2,926,42,775,109
2021-03-08,Gorj,3,1,1,0,0
2021-03-08,Harghita,1,26,0,26,0
2021-03-08,Harghita,2,841,34,717,90
2021-03-08,Harghita,3,1,0,1,0
2021-03-08,Hunedoara,1,36,9,27,0
2021-03-08,Hunedoara,2,589,87,453,49
2021-03-08,Hunedoara,3,1,0,0,1
2021-03-08,Ialomita,1,19,0,17,2
2021-03-08,Ialomita,2,668,99,501,68
2021-03-08,Ialomita,3,0,0,0,0
2021-03-08,Iasi,1,308,36,253,19
2021-03-08,Iasi,2,1721,165,1265,291
2021-03-08,Iasi,3,5,0,5,0
2021-03-08,Ilfov,1,30,4,21,5
2021-03-08,Ilfov,2,933,102,706,125
2021-03-08,Ilfov,3,13,0,9,4
2021-03-08,Maramures,1,35,9,23,3
2021-03-08,Maramures,2,1476,126,1145,205
2021-03-08,Maramures,3,2,0,0,2
2021-03-08,Mehedinti,1,27,0,27,0
2021-03-08,Mehedinti,2,515,25,411,79
2021-03-08,Mehedinti,3,0,0,0,0
2021-03-08,Mures,1,111,53,54,4
2021-03-08,Mures,2,2526,268,1918,340
2021-03-08,Mures,3,2,0,0,2
2021-03-08,Neamt,1,15,2,13,0
2021-03-08,Neamt,2,596,54,502,40
2021-03-08,Neamt,3,1,0,1,0
2021-03-08,Olt,1,19,6,9,4
2021-03-08,Olt,2,674,75,524,75
2021-03-08,Olt,3,1,0,0,1
2021-03-08,Prahova,1,75,10,64,1
2021-03-08,Prahova,2,1748,226,1433,89
2021-03-08,Prahova,3,0,0,0,0
2021-03-08,Salaj,1,98,3,95,0
2021-03-08,Salaj,2,503,47,406,50
2021-03-08,Salaj,3,1,0,1,0
2021-03-08,Satu-Mare,1,37,2,35,0
2021-03-08,Satu-Mare,2,667,117,511,39
2021-03-08,Satu-Mare,3,1,0,0,1
2021-03-08,Sibiu,1,135,13,120,2
2021-03-08,Sibiu,2,750,179,513,58
2021-03-08,Sibiu,3,1,0,1,0
2021-03-08,Suceava,1,75,4,49,22
2021-03-08,Suceava,2,987,46,873,68
2021-03-08,Suceava,3,0,0,0,0
2021-03-08,Teleorman,1,49,13,22,14
2021-03-08,Teleorman,2,616,35,516,65
2021-03-08,Teleorman,3,0,0,0,0
2021-03-08,Timis,1,170,70,99,1
2021-03-08,Timis,2,1432,443,905,84
2021-03-08,Timis,3,2,0,2,0
2021-03-08,Tulcea,1,2,0,2,0
2021-03-08,Tulcea,2,291,29,232,30
2021-03-08,Tulcea,3,0,0,0,0
2021-03-08,Valcea,1,21,7,12,2
2021-03-08,Valcea,2,626,84,456,86
2021-03-08,Valcea,3,0,0,0,0
2021-03-08,Vaslui,1,20,0,20,0
2021-03-08,Vaslui,2,670,38,592,40
2021-03-08,Vaslui,3,0,0,0,0
2021-03-08,Vrancea,1,19,0,19,0
2021-03-08,Vrancea,2,588,38,520,30
2021-03-08,Vrancea,3,1,0,1,0
2021-03-09,Alba,1,19,2,16,1
2021-03-09,Alba,2,1012,119,794,99
2021-03-09,Alba,3,2,2,0,0
2021-03-09,Arad,1,16,10,2,4
2021-03-09,Arad,2,729,115,508,106
2021-03-09,Arad,3,0,0,0,0
2021-03-09,Arges,1,38,5,33,0
2021-03-09,Arges,2,955,191,664,100
2021-03-09,Arges,3,2,0,2,0
2021-03-09,Bacau,1,63,19,44,0
2021-03-09,Bacau,2,893,165,658,70
2021-03-09,Bacau,3,1,0,1,0
2021-03-09,Bihor,1,69,22,47,0
2021-03-09,Bihor,2,1452,187,1097,168
2021-03-09,Bihor,3,3,1,2,0
2021-03-09,Bistrita-Nasaud,1,15,7,8,0
2021-03-09,Bistrita-Nasaud,2,449,94,346,9
2021-03-09,Bistrita-Nasaud,3,1,0,0,1
2021-03-09,Botosani,1,97,22,74,1
2021-03-09,Botosani,2,712,36,578,98
2021-03-09,Botosani,3,1,0,1,0
2021-03-09,Braila,1,42,3,39,0
2021-03-09,Braila,2,487,48,429,10
2021-03-09,Braila,3,0,0,0,0
2021-03-09,Brasov,1,60,10,49,1
2021-03-09,Brasov,2,1185,263,863,59
2021-03-09,Brasov,3,0,0,0,0
2021-03-09,Bucuresti,1,511,100,381,30
2021-03-09,Bucuresti,2,7147,1462,4725,960
2021-03-09,Bucuresti,3,20,3,7,10
2021-03-09,Buzau,1,12,6,4,2
2021-03-09,Buzau,2,830,92,633,105
2021-03-09,Buzau,3,1,0,0,1
2021-03-09,Calarasi,1,11,1,5,5
2021-03-09,Calarasi,2,665,117,463,85
2021-03-09,Calarasi,3,0,0,0,0
2021-03-09,Caras-Severin,1,255,1,253,1
2021-03-09,Caras-Severin,2,612,23,550,39
2021-03-09,Caras-Severin,3,1,0,1,0
2021-03-09,Cluj,1,208,43,153,12
2021-03-09,Cluj,2,1813,395,1183,235
2021-03-09,Cluj,3,11,10,1,0
2021-03-09,Constanta,1,42,4,35,3
2021-03-09,Constanta,2,1783,377,1243,163
2021-03-09,Constanta,3,2,0,0,2
2021-03-09,Covasna,1,94,0,94,0
2021-03-09,Covasna,2,413,45,320,48
2021-03-09,Covasna,3,1,0,0,1
2021-03-09,Dimbovita,1,42,13,28,1
2021-03-09,Dimbovita,2,898,231,638,29
2021-03-09,Dimbovita,3,0,0,0,0
2021-03-09,Dolj,1,71,20,48,3
2021-03-09,Dolj,2,1322,182,986,154
2021-03-09,Dolj,3,0,0,0,0
2021-03-09,Galati,1,135,7,128,0
2021-03-09,Galati,2,799,129,590,80
2021-03-09,Galati,3,1,0,1,0
2021-03-09,Giurgiu,1,17,2,15,0
2021-03-09,Giurgiu,2,669,111,518,40
2021-03-09,Giurgiu,3,1,0,1,0
2021-03-09,Gorj,1,41,1,40,0
2021-03-09,Gorj,2,1045,31,845,169
2021-03-09,Gorj,3,1,0,1,0
2021-03-09,Harghita,1,20,1,18,1
2021-03-09,Harghita,2,967,67,761,139
2021-03-09,Harghita,3,1,0,1,0
2021-03-09,Hunedoara,1,50,7,43,0
2021-03-09,Hunedoara,2,684,90,547,47
2021-03-09,Hunedoara,3,3,0,1,2
2021-03-09,Ialomita,1,31,0,29,2
2021-03-09,Ialomita,2,847,110,679,58
2021-03-09,Ialomita,3,0,0,0,0
2021-03-09,Iasi,1,222,25,195,2
2021-03-09,Iasi,2,1677,166,1265,246
2021-03-09,Iasi,3,2,0,2,0
2021-03-09,Ilfov,1,48,3,36,9
2021-03-09,Ilfov,2,1347,97,1104,146
2021-03-09,Ilfov,3,48,0,40,8
2021-03-09,Maramures,1,75,13,60,2
2021-03-09,Maramures,2,1853,125,1533,195
2021-03-09,Maramures,3,5,0,3,2
2021-03-09,Mehedinti,1,26,3,23,0
2021-03-09,Mehedinti,2,553,32,451,70
2021-03-09,Mehedinti,3,1,0,0,1
2021-03-09,Mures,1,140,32,104,4
2021-03-09,Mures,2,3013,288,2424,301
2021-03-09,Mures,3,6,0,3,3
2021-03-09,Neamt,1,20,4,16,0
2021-03-09,Neamt,2,839,83,697,59
2021-03-09,Neamt,3,2,0,1,1
2021-03-09,Olt,1,51,3,47,1
2021-03-09,Olt,2,705,94,535,76
2021-03-09,Olt,3,3,0,0,3
2021-03-09,Prahova,1,49,6,42,1
2021-03-09,Prahova,2,1792,244,1401,147
2021-03-09,Prahova,3,1,0,1,0
2021-03-09,Salaj,1,8,1,7,0
2021-03-09,Salaj,2,524,89,405,30
2021-03-09,Salaj,3,0,0,0,0
2021-03-09,Satu-Mare,1,120,0,118,2
2021-03-09,Satu-Mare,2,778,127,603,48
2021-03-09,Satu-Mare,3,0,0,0,0
2021-03-09,Sibiu,1,96,7,69,20
2021-03-09,Sibiu,2,818,221,557,40
2021-03-09,Sibiu,3,0,0,0,0
2021-03-09,Suceava,1,43,6,35,2
2021-03-09,Suceava,2,1044,46,875,123
2021-03-09,Suceava,3,5,1,3,1
2021-03-09,Teleorman,1,25,4,20,1
2021-03-09,Teleorman,2,658,54,555,49
2021-03-09,Teleorman,3,0,0,0,0
2021-03-09,Timis,1,144,51,92,1
2021-03-09,Timis,2,1459,474,905,80
2021-03-09,Timis,3,1,0,1,0
2021-03-09,Tulcea,1,3,1,2,0
2021-03-09,Tulcea,2,391,96,226,69
2021-03-09,Tulcea,3,0,0,0,0
2021-03-09,Valcea,1,31,2,28,1
2021-03-09,Valcea,2,672,121,470,81
2021-03-09,Valcea,3,0,0,0,0
2021-03-09,Vaslui,1,18,1,17,0
2021-03-09,Vaslui,2,512,43,439,30
2021-03-09,Vaslui,3,0,0,0,0
2021-03-09,Vrancea,1,12,5,5,2
2021-03-09,Vrancea,2,589,45,468,76
2021-03-09,Vrancea,3,2,0,0,2
2021-03-10,Alba,1,8,3,5,0
2021-03-10,Alba,2,956,130,757,69
2021-03-10,Alba,3,2,2,0,0
2021-03-10,Arad,1,23,4,18,1
2021-03-10,Arad,2,904,179,636,89
2021-03-10,Arad,3,0,0,0,0
2021-03-10,Arges,1,19,7,12,0
2021-03-10,Arges,2,1054,153,821,80
2021-03-10,Arges,3,1,0,1,0
2021-03-10,Bacau,1,25,3,22,0
2021-03-10,Bacau,2,771,141,560,70
2021-03-10,Bacau,3,0,0,0,0
2021-03-10,Bihor,1,123,8,115,0
2021-03-10,Bihor,2,1752,192,1430,130
2021-03-10,Bihor,3,4,1,3,0
2021-03-10,Bistrita-Nasaud,1,26,2,24,0
2021-03-10,Bistrita-Nasaud,2,440,86,324,30
2021-03-10,Bistrita-Nasaud,3,0,0,0,0
2021-03-10,Botosani,1,14,3,11,0
2021-03-10,Botosani,2,571,72,450,49
2021-03-10,Botosani,3,1,0,1,0
2021-03-10,Braila,1,48,4,44,0
2021-03-10,Braila,2,690,117,544,29
2021-03-10,Braila,3,0,0,0,0
2021-03-10,Brasov,1,68,4,64,0
2021-03-10,Brasov,2,1155,230,895,30
2021-03-10,Brasov,3,1,0,1,0
2021-03-10,Bucuresti,1,641,85,540,16
2021-03-10,Bucuresti,2,6980,1305,5038,637
2021-03-10,Bucuresti,3,50,1,44,5
2021-03-10,Buzau,1,19,5,14,0
2021-03-10,Buzau,2,1048,170,778,100
2021-03-10,Buzau,3,0,0,0,0
2021-03-10,Calarasi,1,40,1,37,2
2021-03-10,Calarasi,2,729,116,535,78
2021-03-10,Calarasi,3,0,0,0,0
2021-03-10,Caras-Severin,1,256,0,256,0
2021-03-10,Caras-Severin,2,648,19,601,28
2021-03-10,Caras-Severin,3,2,0,0,2
2021-03-10,Cluj,1,303,84,216,3
2021-03-10,Cluj,2,1935,387,1441,107
2021-03-10,Cluj,3,3,2,1,0
2021-03-10,Constanta,1,63,11,50,2
2021-03-10,Constanta,2,2098,373,1589,136
2021-03-10,Constanta,3,7,0,7,0
2021-03-10,Covasna,1,64,0,53,11
2021-03-10,Covasna,2,393,36,298,59
2021-03-10,Covasna,3,2,0,2,0
2021-03-10,Dimbovita,1,23,6,12,5
2021-03-10,Dimbovita,2,964,178,702,84
2021-03-10,Dimbovita,3,3,2,0,1
2021-03-10,Dolj,1,75,8,64,3
2021-03-10,Dolj,2,1476,171,1225,80
2021-03-10,Dolj,3,0,0,0,0
2021-03-10,Galati,1,40,5,33,2
2021-03-10,Galati,2,748,137,573,38
2021-03-10,Galati,3,0,0,0,0
2021-03-10,Giurgiu,1,22,5,16,1
2021-03-10,Giurgiu,2,659,103,499,57
2021-03-10,Giurgiu,3,3,0,1,2
2021-03-10,Gorj,1,56,2,52,2
2021-03-10,Gorj,2,1169,26,956,187
2021-03-10,Gorj,3,1,1,0,0
2021-03-10,Harghita,1,35,4,31,0
2021-03-10,Harghita,2,1078,38,910,130
2021-03-10,Harghita,3,1,0,1,0
2021-03-10,Hunedoara,1,32,12,19,1
2021-03-10,Hunedoara,2,706,66,611,29
2021-03-10,Hunedoara,3,3,0,2,1
2021-03-10,Ialomita,1,19,3,13,3
2021-03-10,Ialomita,2,688,107,514,67
2021-03-10,Ialomita,3,0,0,0,0
2021-03-10,Iasi,1,296,19,274,3
2021-03-10,Iasi,2,2108,216,1704,188
2021-03-10,Iasi,3,11,0,8,3
2021-03-10,Ilfov,1,52,3,45,4
2021-03-10,Ilfov,2,1202,121,945,136
2021-03-10,Ilfov,3,47,0,44,3
2021-03-10,Maramures,1,66,6,53,7
2021-03-10,Maramures,2,1558,90,1305,163
2021-03-10,Maramures,3,12,0,2,10
2021-03-10,Mehedinti,1,13,0,13,0
2021-03-10,Mehedinti,2,657,18,599,40
2021-03-10,Mehedinti,3,0,0,0,0
2021-03-10,Mures,1,204,25,172,7
2021-03-10,Mures,2,2666,280,2144,242
2021-03-10,Mures,3,12,0,2,10
2021-03-10,Neamt,1,22,2,13,7
2021-03-10,Neamt,2,653,56,539,58
2021-03-10,Neamt,3,1,0,0,1
2021-03-10,Olt,1,35,0,35,0
2021-03-10,Olt,2,758,111,588,59
2021-03-10,Olt,3,2,0,1,1
2021-03-10,Prahova,1,54,12,38,4
2021-03-10,Prahova,2,1891,205,1510,176
2021-03-10,Prahova,3,1,1,0,0
2021-03-10,Salaj,1,32,0,32,0
2021-03-10,Salaj,2,532,50,432,50
2021-03-10,Salaj,3,1,0,1,0
2021-03-10,Satu-Mare,1,9,3,6,0
2021-03-10,Satu-Mare,2,595,75,480,40
2021-03-10,Satu-Mare,3,0,0,0,0
2021-03-10,Sibiu,1,63,6,57,0
2021-03-10,Sibiu,2,970,190,743,37
2021-03-10,Sibiu,3,1,0,1,0
2021-03-10,Suceava,1,57,1,53,3
2021-03-10,Suceava,2,1067,37,932,98
2021-03-10,Suceava,3,2,0,1,1
2021-03-10,Teleorman,1,29,0,19,10
2021-03-10,Teleorman,2,708,36,622,50
2021-03-10,Teleorman,3,0,0,0,0
2021-03-10,Timis,1,129,42,78,9
2021-03-10,Timis,2,1489,492,956,41
2021-03-10,Timis,3,1,1,0,0
2021-03-10,Tulcea,1,7,0,7,0
2021-03-10,Tulcea,2,378,69,281,28
2021-03-10,Tulcea,3,0,0,0,0
2021-03-10,Valcea,1,23,3,20,0
2021-03-10,Valcea,2,767,85,622,60
2021-03-10,Valcea,3,0,0,0,0
2021-03-10,Vaslui,1,19,5,13,1
2021-03-10,Vaslui,2,527,29,449,49
2021-03-10,Vaslui,3,0,0,0,0
2021-03-10,Vrancea,1,20,10,9,1
2021-03-10,Vrancea,2,488,39,411,38
2021-03-10,Vrancea,3,0,0,0,0
2021-03-11,Alba,1,26,3,23,0
2021-03-11,Alba,2,1148,117,942,89
2021-03-11,Alba,3,4,2,1,1
2021-03-11,Arad,1,27,8,18,1
2021-03-11,Arad,2,785,70,646,69
2021-03-11,Arad,3,2,0,2,0
2021-03-11,Arges,1,21,8,13,0
2021-03-11,Arges,2,1012,149,783,80
2021-03-11,Arges,3,2,0,2,0
2021-03-11,Bacau,1,21,1,20,0
2021-03-11,Bacau,2,717,135,532,50
2021-03-11,Bacau,3,0,0,0,0
2021-03-11,Bihor,1,145,10,125,10
2021-03-11,Bihor,2,1602,191,1277,134
2021-03-11,Bihor,3,3,0,2,1
2021-03-11,Bistrita-Nasaud,1,22,0,22,0
2021-03-11,Bistrita-Nasaud,2,523,71,432,20
2021-03-11,Bistrita-Nasaud,3,0,0,0,0
2021-03-11,Botosani,1,24,6,18,0
2021-03-11,Botosani,2,639,52,557,30
2021-03-11,Botosani,3,1,0,1,0
2021-03-11,Braila,1,34,1,33,0
2021-03-11,Braila,2,582,56,506,20
2021-03-11,Braila,3,1,0,1,0
2021-03-11,Brasov,1,63,6,50,7
2021-03-11,Brasov,2,1152,189,856,107
2021-03-11,Brasov,3,3,0,1,2
2021-03-11,Bucuresti,1,473,109,344,20
2021-03-11,Bucuresti,2,7090,1129,5426,535
2021-03-11,Bucuresti,3,19,0,13,6
2021-03-11,Buzau,1,6,0,6,0
2021-03-11,Buzau,2,850,69,731,50
2021-03-11,Buzau,3,1,0,1,0
2021-03-11,Calarasi,1,35,3,16,16
2021-03-11,Calarasi,2,646,102,496,48
2021-03-11,Calarasi,3,0,0,0,0
2021-03-11,Caras-Severin,1,17,0,17,0
2021-03-11,Caras-Severin,2,670,17,613,40
2021-03-11,Caras-Severin,3,0,0,0,0
2021-03-11,Cluj,1,189,61,126,2
2021-03-11,Cluj,2,1943,414,1403,126
2021-03-11,Cluj,3,5,2,1,2
2021-03-11,Constanta,1,69,28,40,1
2021-03-11,Constanta,2,1983,334,1510,139
2021-03-11,Constanta,3,2,1,1,0
2021-03-11,Covasna,1,11,0,11,0
2021-03-11,Covasna,2,389,18,361,10
2021-03-11,Covasna,3,0,0,0,0
2021-03-11,Dimbovita,1,39,8,25,6
2021-03-11,Dimbovita,2,938,172,722,44
2021-03-11,Dimbovita,3,3,0,3,0
2021-03-11,Dolj,1,63,6,57,0
2021-03-11,Dolj,2,1663,124,1438,101
2021-03-11,Dolj,3,0,0,0,0
2021-03-11,Galati,1,17,2,15,0
2021-03-11,Galati,2,786,117,639,30
2021-03-11,Galati,3,0,0,0,0
2021-03-11,Giurgiu,1,15,1,14,0
2021-03-11,Giurgiu,2,730,109,591,30
2021-03-11,Giurgiu,3,1,0,1,0
2021-03-11,Gorj,1,56,0,52,4
2021-03-11,Gorj,2,1226,14,1067,145
2021-03-11,Gorj,3,3,0,3,0
2021-03-11,Harghita,1,38,1,35,2
2021-03-11,Harghita,2,979,27,864,88
2021-03-11,Harghita,3,1,0,1,0
2021-03-11,Hunedoara,1,26,3,23,0
2021-03-11,Hunedoara,2,709,69,620,20
2021-03-11,Hunedoara,3,1,0,1,0
2021-03-11,Ialomita,1,23,2,19,2
2021-03-11,Ialomita,2,755,128,569,58
2021-03-11,Ialomita,3,0,0,0,0
2021-03-11,Iasi,1,245,19,225,1
2021-03-11,Iasi,2,1985,170,1706,109
2021-03-11,Iasi,3,5,0,5,0
2021-03-11,Ilfov,1,61,12,41,8
2021-03-11,Ilfov,2,1137,108,905,124
2021-03-11,Ilfov,3,27,0,22,5
2021-03-11,Maramures,1,31,3,28,0
2021-03-11,Maramures,2,1498,62,1337,99
2021-03-11,Maramures,3,2,0,2,0
2021-03-11,Mehedinti,1,11,0,10,1
2021-03-11,Mehedinti,2,650,24,577,49
2021-03-11,Mehedinti,3,1,0,1,0
2021-03-11,Mures,1,187,19,168,0
2021-03-11,Mures,2,2955,230,2546,179
2021-03-11,Mures,3,3,0,3,0
2021-03-11,Neamt,1,25,1,15,9
2021-03-11,Neamt,2,745,59,668,18
2021-03-11,Neamt,3,7,1,3,3
2021-03-11,Olt,1,21,2,18,1
2021-03-11,Olt,2,815,80,676,59
2021-03-11,Olt,3,2,0,2,0
2021-03-11,Prahova,1,45,2,43,0
2021-03-11,Prahova,2,1971,199,1674,98
2021-03-11,Prahova,3,2,0,1,1
2021-03-11,Salaj,1,7,0,7,0
2021-03-11,Salaj,2,530,10,490,30
2021-03-11,Salaj,3,1,0,1,0
2021-03-11,Satu-Mare,1,12,0,12,0
2021-03-11,Satu-Mare,2,562,38,494,30
2021-03-11,Satu-Mare,3,1,0,1,0
2021-03-11,Sibiu,1,56,7,49,0
2021-03-11,Sibiu,2,922,176,706,40
2021-03-11,Sibiu,3,0,0,0,0
2021-03-11,Suceava,1,45,1,39,5
2021-03-11,Suceava,2,1134,12,1008,114
2021-03-11,Suceava,3,2,0,2,0
2021-03-11,Teleorman,1,63,0,56,7
2021-03-11,Teleorman,2,629,18,578,33
2021-03-11,Teleorman,3,0,0,0,0
2021-03-11,Timis,1,167,102,62,3
2021-03-11,Timis,2,1396,461,858,77
2021-03-11,Timis,3,0,0,0,0
2021-03-11,Tulcea,1,5,0,5,0
2021-03-11,Tulcea,2,427,95,312,20
2021-03-11,Tulcea,3,0,0,0,0
2021-03-11,Valcea,1,24,6,18,0
2021-03-11,Valcea,2,776,91,665,20
2021-03-11,Valcea,3,0,0,0,0
2021-03-11,Vaslui,1,10,0,10,0
2021-03-11,Vaslui,2,524,20,464,40
2021-03-11,Vaslui,3,0,0,0,0
2021-03-11,Vrancea,1,13,5,8,0
2021-03-11,Vrancea,2,550,76,446,28
2021-03-11,Vrancea,3,4,0,2,2
2021-03-12,Alba,1,17,5,12,0
2021-03-12,Alba,2,1147,79,918,150
2021-03-12,Alba,3,14,14,0,0
2021-03-12,Arad,1,41,5,34,2
2021-03-12,Arad,2,825,155,602,68
2021-03-12,Arad,3,0,0,0,0
2021-03-12,Arges,1,25,3,22,0
2021-03-12,Arges,2,922,130,733,59
2021-03-12,Arges,3,2,0,1,1
2021-03-12,Bacau,1,40,7,32,1
2021-03-12,Bacau,2,781,114,638,29
2021-03-12,Bacau,3,2,0,2,0
2021-03-12,Bihor,1,157,6,150,1
2021-03-12,Bihor,2,1645,174,1322,149
2021-03-12,Bihor,3,3,0,3,0
2021-03-12,Bistrita-Nasaud,1,18,2,16,0
2021-03-12,Bistrita-Nasaud,2,457,69,368,20
2021-03-12,Bistrita-Nasaud,3,0,0,0,0
2021-03-12,Botosani,1,18,4,14,0
2021-03-12,Botosani,2,599,15,525,59
2021-03-12,Botosani,3,2,0,1,1
2021-03-12,Braila,1,8,0,8,0
2021-03-12,Braila,2,550,52,478,20
2021-03-12,Braila,3,0,0,0,0
2021-03-12,Brasov,1,114,74,40,0
2021-03-12,Brasov,2,1286,224,932,130
2021-03-12,Brasov,3,6,3,3,0
2021-03-12,Bucuresti,1,359,47,306,6
2021-03-12,Bucuresti,2,6938,850,5564,524
2021-03-12,Bucuresti,3,19,0,14,5
2021-03-12,Buzau,1,14,0,14,0
2021-03-12,Buzau,2,933,90,747,96
2021-03-12,Buzau,3,0,0,0,0
2021-03-12,Calarasi,1,20,2,16,2
2021-03-12,Calarasi,2,637,88,521,28
2021-03-12,Calarasi,3,1,0,1,0
2021-03-12,Caras-Severin,1,32,1,31,0
2021-03-12,Caras-Severin,2,681,38,623,20
2021-03-12,Caras-Severin,3,0,0,0,0
2021-03-12,Cluj,1,116,64,48,4
2021-03-12,Cluj,2,1938,307,1525,106
2021-03-12,Cluj,3,4,1,2,1
2021-03-12,Constanta,1,76,22,52,2
2021-03-12,Constanta,2,1943,267,1509,167
2021-03-12,Constanta,3,5,0,3,2
2021-03-12,Covasna,1,10,2,7,1
2021-03-12,Covasna,2,335,49,269,17
2021-03-12,Covasna,3,0,0,0,0
2021-03-12,Dimbovita,1,38,12,24,2
2021-03-12,Dimbovita,2,812,125,669,18
2021-03-12,Dimbovita,3,3,0,3,0
2021-03-12,Dolj,1,47,4,41,2
2021-03-12,Dolj,2,1615,155,1314,146
2021-03-12,Dolj,3,2,1,1,0
2021-03-12,Galati,1,16,2,14,0
2021-03-12,Galati,2,730,100,580,50
2021-03-12,Galati,3,0,0,0,0
2021-03-12,Giurgiu,1,29,0,29,0
2021-03-12,Giurgiu,2,653,67,546,40
2021-03-12,Giurgiu,3,1,0,1,0
2021-03-12,Gorj,1,28,0,26,2
2021-03-12,Gorj,2,1272,11,1123,138
2021-03-12,Gorj,3,3,0,3,0
2021-03-12,Harghita,1,36,3,30,3
2021-03-12,Harghita,2,1008,63,840,105
2021-03-12,Harghita,3,0,0,0,0
2021-03-12,Hunedoara,1,62,3,59,0
2021-03-12,Hunedoara,2,823,77,696,50
2021-03-12,Hunedoara,3,1,0,1,0
2021-03-12,Ialomita,1,24,0,23,1
2021-03-12,Ialomita,2,750,80,601,69
2021-03-12,Ialomita,3,0,0,0,0
2021-03-12,Iasi,1,167,8,153,6
2021-03-12,Iasi,2,2082,157,1773,152
2021-03-12,Iasi,3,20,0,18,2
2021-03-12,Ilfov,1,38,1,35,2
2021-03-12,Ilfov,2,1115,91,911,113
2021-03-12,Ilfov,3,36,0,31,5
2021-03-12,Maramures,1,52,7,44,1
2021-03-12,Maramures,2,1532,87,1358,87
2021-03-12,Maramures,3,5,2,2,1
2021-03-12,Mehedinti,1,27,0,27,0
2021-03-12,Mehedinti,2,668,30,578,60
2021-03-12,Mehedinti,3,1,0,1,0
2021-03-12,Mures,1,148,24,118,6
2021-03-12,Mures,2,2839,251,2380,208
2021-03-12,Mures,3,6,2,3,1
2021-03-12,Neamt,1,22,0,22,0
2021-03-12,Neamt,2,733,0,634,99
2021-03-12,Neamt,3,5,0,4,1
2021-03-12,Olt,1,29,0,28,1
2021-03-12,Olt,2,842,68,726,48
2021-03-12,Olt,3,2,0,1,1
2021-03-12,Prahova,1,66,6,56,4
2021-03-12,Prahova,2,2093,196,1781,116
2021-03-12,Prahova,3,2,0,2,0
2021-03-12,Salaj,1,21,1,13,7
2021-03-12,Salaj,2,547,79,420,48
2021-03-12,Salaj,3,0,0,0,0
2021-03-12,Satu-Mare,1,10,1,9,0
2021-03-12,Satu-Mare,2,642,96,536,10
2021-03-12,Satu-Mare,3,1,0,1,0
2021-03-12,Sibiu,1,63,7,55,1
2021-03-12,Sibiu,2,818,130,659,29
2021-03-12,Sibiu,3,1,0,1,0
2021-03-12,Suceava,1,45,0,45,0
2021-03-12,Suceava,2,1018,39,919,60
2021-03-12,Suceava,3,8,0,8,0
2021-03-12,Teleorman,1,38,3,33,2
2021-03-12,Teleorman,2,629,36,536,57
2021-03-12,Teleorman,3,1,0,0,1
2021-03-12,Timis,1,137,40,91,6
2021-03-12,Timis,2,1437,518,855,64
2021-03-12,Timis,3,0,0,0,0
2021-03-12,Tulcea,1,9,0,9,0
2021-03-12,Tulcea,2,451,113,328,10
2021-03-12,Tulcea,3,0,0,0,0
2021-03-12,Valcea,1,35,3,32,0
2021-03-12,Valcea,2,740,92,579,69
2021-03-12,Valcea,3,5,0,4,1
2021-03-12,Vaslui,1,12,1,11,0
2021-03-12,Vaslui,2,595,63,493,39
2021-03-12,Vaslui,3,0,0,0,0
2021-03-12,Vrancea,1,37,6,19,12
2021-03-12,Vrancea,2,796,54,687,55
2021-03-12,Vrancea,3,4,0,1,3
2021-03-13,Alba,1,14,1,13,0
2021-03-13,Alba,2,1103,109,874,120
2021-03-13,Alba,3,39,39,0,0
2021-03-13,Arad,1,46,2,43,1
2021-03-13,Arad,2,798,157,593,48
2021-03-13,Arad,3,1,0,0,1
2021-03-13,Arges,1,20,4,11,5
2021-03-13,Arges,2,972,127,721,124
2021-03-13,Arges,3,0,0,0,0
2021-03-13,Bacau,1,43,5,37,1
2021-03-13,Bacau,2,745,102,604,39
2021-03-13,Bacau,3,13,0,13,0
2021-03-13,Bihor,1,53,1,52,0
2021-03-13,Bihor,2,1423,184,1112,127
2021-03-13,Bihor,3,3,0,0,3
2021-03-13,Bistrita-Nasaud,1,15,0,14,1
2021-03-13,Bistrita-Nasaud,2,474,69,376,29
2021-03-13,Bistrita-Nasaud,3,0,0,0,0
2021-03-13,Botosani,1,15,0,15,0
2021-03-13,Botosani,2,539,23,447,69
2021-03-13,Botosani,3,1,0,0,1
2021-03-13,Braila,1,6,0,6,0
2021-03-13,Braila,2,545,47,480,18
2021-03-13,Braila,3,0,0,0,0
2021-03-13,Brasov,1,19,6,13,0
2021-03-13,Brasov,2,1034,167,807,60
2021-03-13,Brasov,3,11,9,2,0
2021-03-13,Bucuresti,1,337,45,274,18
2021-03-13,Bucuresti,2,5917,756,4765,396
2021-03-13,Bucuresti,3,15,1,13,1
2021-03-13,Buzau,1,16,2,12,2
2021-03-13,Buzau,2,801,79,651,71
2021-03-13,Buzau,3,1,0,1,0
2021-03-13,Calarasi,1,16,9,7,0
2021-03-13,Calarasi,2,576,78,478,20
2021-03-13,Calarasi,3,1,0,1,0
2021-03-13,Caras-Severin,1,24,1,21,2
2021-03-13,Caras-Severin,2,656,42,567,47
2021-03-13,Caras-Severin,3,1,0,0,1
2021-03-13,Cluj,1,178,95,82,1
2021-03-13,Cluj,2,1779,289,1400,90
2021-03-13,Cluj,3,4,0,4,0
2021-03-13,Constanta,1,34,14,20,0
2021-03-13,Constanta,2,1765,209,1386,170
2021-03-13,Constanta,3,4,0,4,0
2021-03-13,Covasna,1,4,0,4,0
2021-03-13,Covasna,2,396,85,271,40
2021-03-13,Covasna,3,0,0,0,0
2021-03-13,Dimbovita,1,28,10,17,1
2021-03-13,Dimbovita,2,761,120,622,19
2021-03-13,Dimbovita,3,3,0,3,0
2021-03-13,Dolj,1,74,6,67,1
2021-03-13,Dolj,2,1403,129,1186,88
2021-03-13,Dolj,3,1,0,1,0
2021-03-13,Galati,1,22,5,17,0
2021-03-13,Galati,2,697,102,565,30
2021-03-13,Galati,3,0,0,0,0
2021-03-13,Giurgiu,1,24,3,21,0
2021-03-13,Giurgiu,2,604,56,519,29
2021-03-13,Giurgiu,3,0,0,0,0
2021-03-13,Gorj,1,46,1,42,3
2021-03-13,Gorj,2,1127,50,970,107
2021-03-13,Gorj,3,3,2,1,0
2021-03-13,Harghita,1,36,2,33,1
2021-03-13,Harghita,2,976,97,800,79
2021-03-13,Harghita,3,0,0,0,0
2021-03-13,Hunedoara,1,34,1,33,0
2021-03-13,Hunedoara,2,777,83,684,10
2021-03-13,Hunedoara,3,4,0,4,0
2021-03-13,Ialomita,1,15,1,13,1
2021-03-13,Ialomita,2,632,59,514,59
2021-03-13,Ialomita,3,1,0,1,0
2021-03-13,Iasi,1,98,12,82,4
2021-03-13,Iasi,2,1971,180,1630,161
2021-03-13,Iasi,3,15,0,12,3
2021-03-13,Ilfov,1,33,2,24,7
2021-03-13,Ilfov,2,1024,56,859,109
2021-03-13,Ilfov,3,15,0,12,3
2021-03-13,Maramures,1,32,2,28,2
2021-03-13,Maramures,2,1359,90,1171,98
2021-03-13,Maramures,3,1,0,1,0
2021-03-13,Mehedinti,1,28,0,26,2
2021-03-13,Mehedinti,2,594,30,526,38
2021-03-13,Mehedinti,3,0,0,0,0
2021-03-13,Mures,1,101,19,79,3
2021-03-13,Mures,2,2618,265,2137,216
2021-03-13,Mures,3,2,0,2,0
2021-03-13,Neamt,1,12,7,5,0
2021-03-13,Neamt,2,856,113,653,90
2021-03-13,Neamt,3,2,0,2,0
2021-03-13,Olt,1,28,4,24,0
2021-03-13,Olt,2,712,50,622,40
2021-03-13,Olt,3,2,0,2,0
2021-03-13,Prahova,1,47,11,33,3
2021-03-13,Prahova,2,1695,174,1394,127
2021-03-13,Prahova,3,3,3,0,0
2021-03-13,Salaj,1,10,0,9,1
2021-03-13,Salaj,2,493,60,387,46
2021-03-13,Salaj,3,0,0,0,0
2021-03-13,Satu-Mare,1,15,0,14,1
2021-03-13,Satu-Mare,2,573,76,478,19
2021-03-13,Satu-Mare,3,0,0,0,0
2021-03-13,Sibiu,1,22,6,16,0
2021-03-13,Sibiu,2,852,137,683,32
2021-03-13,Sibiu,3,0,0,0,0
2021-03-13,Suceava,1,36,3,29,4
2021-03-13,Suceava,2,1151,90,975,86
2021-03-13,Suceava,3,4,0,3,1
2021-03-13,Teleorman,1,34,3,31,0
2021-03-13,Teleorman,2,676,56,580,40
2021-03-13,Teleorman,3,1,0,1,0
2021-03-13,Timis,1,101,33,67,1
2021-03-13,Timis,2,1287,466,742,79
2021-03-13,Timis,3,0,0,0,0
2021-03-13,Tulcea,1,5,0,5,0
2021-03-13,Tulcea,2,409,52,337,20
2021-03-13,Tulcea,3,0,0,0,0
2021-03-13,Valcea,1,35,2,32,1
2021-03-13,Valcea,2,693,68,576,49
2021-03-13,Valcea,3,0,0,0,0
2021-03-13,Vaslui,1,16,0,16,0
2021-03-13,Vaslui,2,654,69,535,50
2021-03-13,Vaslui,3,0,0,0,0
2021-03-13,Vrancea,1,16,2,12,2
2021-03-13,Vrancea,2,687,71,578,38
2021-03-13,Vrancea,3,3,0,3,0
2021-03-14,Alba,1,11,2,9,0
2021-03-14,Alba,2,1006,104,852,50
2021-03-14,Alba,3,21,18,3,0
2021-03-14,Arad,1,58,5,53,0
2021-03-14,Arad,2,804,158,587,59
2021-03-14,Arad,3,1,0,0,1
2021-03-14,Arges,1,25,3,19,3
2021-03-14,Arges,2,874,134,645,95
2021-03-14,Arges,3,4,0,2,2
2021-03-14,Bacau,1,23,3,19,1
2021-03-14,Bacau,2,723,133,561,29
2021-03-14,Bacau,3,2,0,2,0
2021-03-14,Bihor,1,48,9,36,3
2021-03-14,Bihor,2,1314,152,1025,137
2021-03-14,Bihor,3,1,0,1,0
2021-03-14,Bistrita-Nasaud,1,14,2,12,0
2021-03-14,Bistrita-Nasaud,2,409,71,328,10
2021-03-14,Bistrita-Nasaud,3,2,0,2,0
2021-03-14,Botosani,1,12,0,12,0
2021-03-14,Botosani,2,479,37,402,40
2021-03-14,Botosani,3,0,0,0,0
2021-03-14,Braila,1,12,0,12,0
2021-03-14,Braila,2,562,44,498,20
2021-03-14,Braila,3,0,0,0,0
2021-03-14,Brasov,1,20,4,15,1
2021-03-14,Brasov,2,1041,145,837,59
2021-03-14,Brasov,3,7,6,1,0
2021-03-14,Bucuresti,1,275,30,237,8
2021-03-14,Bucuresti,2,5348,688,4227,433
2021-03-14,Bucuresti,3,18,0,12,6
2021-03-14,Buzau,1,16,0,16,0
2021-03-14,Buzau,2,744,74,600,70
2021-03-14,Buzau,3,1,0,1,0
2021-03-14,Calarasi,1,10,1,9,0
2021-03-14,Calarasi,2,535,62,464,9
2021-03-14,Calarasi,3,2,0,1,1
2021-03-14,Caras-Severin,1,23,0,23,0
2021-03-14,Caras-Severin,2,620,43,557,20
2021-03-14,Caras-Severin,3,2,0,2,0
2021-03-14,Cluj,1,147,66,79,2
2021-03-14,Cluj,2,1439,321,1051,67
2021-03-14,Cluj,3,15,12,3,0
2021-03-14,Constanta,1,56,5,51,0
2021-03-14,Constanta,2,1699,200,1349,150
2021-03-14,Constanta,3,3,0,3,0
2021-03-14,Covasna,1,7,0,7,0
2021-03-14,Covasna,2,425,89,316,20
2021-03-14,Covasna,3,0,0,0,0
2021-03-14,Dimbovita,1,19,2,15,2
2021-03-14,Dimbovita,2,761,118,615,28
2021-03-14,Dimbovita,3,0,0,0,0
2021-03-14,Dolj,1,24,2,22,0
2021-03-14,Dolj,2,1328,120,1148,60
2021-03-14,Dolj,3,2,2,0,0
2021-03-14,Galati,1,29,6,21,2
2021-03-14,Galati,2,755,124,603,28
2021-03-14,Galati,3,0,0,0,0
2021-03-14,Giurgiu,1,12,3,9,0
2021-03-14,Giurgiu,2,628,57,531,40
2021-03-14,Giurgiu,3,0,0,0,0
2021-03-14,Gorj,1,40,0,40,0
2021-03-14,Gorj,2,1047,33,914,100
2021-03-14,Gorj,3,0,0,0,0
2021-03-14,Harghita,1,26,1,23,2
2021-03-14,Harghita,2,962,74,810,78
2021-03-14,Harghita,3,0,0,0,0
2021-03-14,Hunedoara,1,12,4,8,0
2021-03-14,Hunedoara,2,574,80,494,0
2021-03-14,Hunedoara,3,2,0,2,0
2021-03-14,Ialomita,1,11,1,9,1
2021-03-14,Ialomita,2,636,59,528,49
2021-03-14,Ialomita,3,3,0,3,0
2021-03-14,Iasi,1,112,8,103,1
2021-03-14,Iasi,2,1774,161,1448,165
2021-03-14,Iasi,3,7,0,3,4
2021-03-14,Ilfov,1,36,2,33,1
2021-03-14,Ilfov,2,778,50,649,79
2021-03-14,Ilfov,3,13,0,9,4
2021-03-14,Maramures,1,18,3,15,0
2021-03-14,Maramures,2,1151,101,980,70
2021-03-14,Maramures,3,1,0,1,0
2021-03-14,Mehedinti,1,38,4,34,0
2021-03-14,Mehedinti,2,634,30,554,50
2021-03-14,Mehedinti,3,1,1,0,0
2021-03-14,Mures,1,75,8,61,6
2021-03-14,Mures,2,2410,271,1958,181
2021-03-14,Mures,3,1,0,1,0
2021-03-14,Neamt,1,25,3,19,3
2021-03-14,Neamt,2,736,80,579,77
2021-03-14,Neamt,3,6,4,2,0
2021-03-14,Olt,1,21,0,19,2
2021-03-14,Olt,2,653,29,586,38
2021-03-14,Olt,3,1,0,1,0
2021-03-14,Prahova,1,55,8,43,4
2021-03-14,Prahova,2,1698,147,1385,166
2021-03-14,Prahova,3,0,0,0,0
2021-03-14,Salaj,1,10,0,10,0
2021-03-14,Salaj,2,506,57,409,40
2021-03-14,Salaj,3,3,3,0,0
2021-03-14,Satu-Mare,1,10,0,10,0
2021-03-14,Satu-Mare,2,520,78,422,20
2021-03-14,Satu-Mare,3,0,0,0,0
2021-03-14,Sibiu,1,35,13,22,0
2021-03-14,Sibiu,2,768,121,617,30
2021-03-14,Sibiu,3,3,0,3,0
2021-03-14,Suceava,1,36,3,32,1
2021-03-14,Suceava,2,1050,89,923,38
2021-03-14,Suceava,3,0,0,0,0
2021-03-14,Teleorman,1,26,1,25,0
2021-03-14,Teleorman,2,685,65,550,70
2021-03-14,Teleorman,3,1,0,1,0
2021-03-14,Timis,1,45,14,31,0
2021-03-14,Timis,2,1273,497,707,69
2021-03-14,Timis,3,1,0,0,1
2021-03-14,Tulcea,1,18,0,18,0
2021-03-14,Tulcea,2,370,40,300,30
2021-03-14,Tulcea,3,0,0,0,0
2021-03-14,Valcea,1,69,2,67,0
2021-03-14,Valcea,2,748,59,619,70
2021-03-14,Valcea,3,1,0,1,0
2021-03-14,Vaslui,1,21,1,20,0
2021-03-14,Vaslui,2,687,77,560,50
2021-03-14,Vaslui,3,1,0,1,0
2021-03-14,Vrancea,1,23,1,20,2
2021-03-14,Vrancea,2,601,47,517,37
2021-03-14,Vrancea,3,2,0,2,0
2021-03-15,Alba,1,26,3,23,0
2021-03-15,Alba,2,1155,115,900,140
2021-03-15,Alba,3,97,96,1,0
2021-03-15,Arad,1,52,4,45,3
2021-03-15,Arad,2,1249,222,660,367
2021-03-15,Arad,3,5,5,0,0
2021-03-15,Arges,1,26,2,17,7
2021-03-15,Arges,2,1076,153,558,365
2021-03-15,Arges,3,7,0,0,7
2021-03-15,Bacau,1,52,1,51,0
2021-03-15,Bacau,2,1062,123,714,225
2021-03-15,Bacau,3,9,0,4,5
2021-03-15,Bihor,1,39,5,27,7
2021-03-15,Bihor,2,1537,188,1043,306
2021-03-15,Bihor,3,10,2,2,6
2021-03-15,Bistrita-Nasaud,1,36,1,32,3
2021-03-15,Bistrita-Nasaud,2,637,81,368,188
2021-03-15,Bistrita-Nasaud,3,17,0,8,9
2021-03-15,Botosani,1,12,1,9,2
2021-03-15,Botosani,2,643,34,470,139
2021-03-15,Botosani,3,1,0,1,0
2021-03-15,Braila,1,30,0,30,0
2021-03-15,Braila,2,659,61,569,29
2021-03-15,Braila,3,2,1,1,0
2021-03-15,Brasov,1,70,9,49,12
2021-03-15,Brasov,2,1464,296,958,210
2021-03-15,Brasov,3,386,372,6,8
2021-03-15,Bucuresti,1,348,73,264,11
2021-03-15,Bucuresti,2,6841,924,5119,798
2021-03-15,Bucuresti,3,58,19,33,6
2021-03-15,Buzau,1,39,2,37,0
2021-03-15,Buzau,2,894,94,728,72
2021-03-15,Buzau,3,4,1,3,0
2021-03-15,Calarasi,1,27,0,27,0
2021-03-15,Calarasi,2,572,61,462,49
2021-03-15,Calarasi,3,20,19,0,1
2021-03-15,Caras-Severin,1,9,0,9,0
2021-03-15,Caras-Severin,2,791,70,573,148
2021-03-15,Caras-Severin,3,2,0,0,2
2021-03-15,Cluj,1,164,33,130,1
2021-03-15,Cluj,2,1825,379,1377,69
2021-03-15,Cluj,3,356,345,11,0
2021-03-15,Constanta,1,128,60,58,10
2021-03-15,Constanta,2,2186,235,1573,378
2021-03-15,Constanta,3,33,6,21,6
2021-03-15,Covasna,1,6,2,3,1
2021-03-15,Covasna,2,434,92,255,87
2021-03-15,Covasna,3,3,0,1,2
2021-03-15,Dimbovita,1,29,2,26,1
2021-03-15,Dimbovita,2,722,130,454,138
2021-03-15,Dimbovita,3,8,0,6,2
2021-03-15,Dolj,1,71,12,56,3
2021-03-15,Dolj,2,1486,151,1256,79
2021-03-15,Dolj,3,4,2,2,0
2021-03-15,Galati,1,42,9,33,0
2021-03-15,Galati,2,889,116,597,176
2021-03-15,Galati,3,9,5,0,4
2021-03-15,Giurgiu,1,27,4,16,7
2021-03-15,Giurgiu,2,748,78,520,150
2021-03-15,Giurgiu,3,10,5,4,1
2021-03-15,Gorj,1,41,0,41,0
2021-03-15,Gorj,2,1020,43,907,70
2021-03-15,Gorj,3,2,2,0,0
2021-03-15,Harghita,1,31,3,19,9
2021-03-15,Harghita,2,1048,96,831,121
2021-03-15,Harghita,3,3,1,2,0
2021-03-15,Hunedoara,1,25,6,18,1
2021-03-15,Hunedoara,2,951,117,645,189
2021-03-15,Hunedoara,3,57,56,1,0
2021-03-15,Ialomita,1,32,1,30,1
2021-03-15,Ialomita,2,784,73,542,169
2021-03-15,Ialomita,3,8,6,2,0
2021-03-15,Iasi,1,107,14,88,5
2021-03-15,Iasi,2,2154,177,1723,254
2021-03-15,Iasi,3,4,1,0,3
2021-03-15,Ilfov,1,68,7,60,1
2021-03-15,Ilfov,2,1092,60,704,328
2021-03-15,Ilfov,3,13,0,9,4
2021-03-15,Maramures,1,39,5,34,0
2021-03-15,Maramures,2,1389,96,1253,40
2021-03-15,Maramures,3,3,1,2,0
2021-03-15,Mehedinti,1,23,2,21,0
2021-03-15,Mehedinti,2,620,38,542,40
2021-03-15,Mehedinti,3,13,0,13,0
2021-03-15,Mures,1,97,28,67,2
2021-03-15,Mures,2,2692,280,2268,144
2021-03-15,Mures,3,6,1,4,1
2021-03-15,Neamt,1,20,0,18,2
2021-03-15,Neamt,2,870,99,605,166
2021-03-15,Neamt,3,5,2,1,2
2021-03-15,Olt,1,32,3,25,4
2021-03-15,Olt,2,830,73,591,166
2021-03-15,Olt,3,5,3,2,0
2021-03-15,Prahova,1,66,4,61,1
2021-03-15,Prahova,2,2142,195,1699,248
2021-03-15,Prahova,3,6,2,4,0
2021-03-15,Salaj,1,9,0,9,0
2021-03-15,Salaj,2,590,72,478,40
2021-03-15,Salaj,3,88,88,0,0
2021-03-15,Satu-Mare,1,29,1,28,0
2021-03-15,Satu-Mare,2,855,84,642,129
2021-03-15,Satu-Mare,3,4,1,3,0
2021-03-15,Sibiu,1,123,6,116,1
2021-03-15,Sibiu,2,875,145,671,59
2021-03-15,Sibiu,3,0,0,0,0
2021-03-15,Suceava,1,70,2,60,8
2021-03-15,Suceava,2,1389,117,1043,229
2021-03-15,Suceava,3,7,1,5,1
2021-03-15,Teleorman,1,61,3,56,2
2021-03-15,Teleorman,2,658,74,526,58
2021-03-15,Teleorman,3,2,0,2,0
2021-03-15,Timis,1,116,68,41,7
2021-03-15,Timis,2,1639,510,778,351
2021-03-15,Timis,3,687,685,0,2
2021-03-15,Tulcea,1,114,3,110,1
2021-03-15,Tulcea,2,478,79,322,77
2021-03-15,Tulcea,3,2,0,0,2
2021-03-15,Valcea,1,16,0,13,3
2021-03-15,Valcea,2,688,77,541,70
2021-03-15,Valcea,3,7,3,4,0
2021-03-15,Vaslui,1,17,2,15,0
2021-03-15,Vaslui,2,724,74,580,70
2021-03-15,Vaslui,3,7,2,5,0
2021-03-15,Vrancea,1,20,0,15,5
2021-03-15,Vrancea,2,1166,74,914,178
2021-03-15,Vrancea,3,2,0,1,1
2021-03-16,Alba,1,30,3,19,8
2021-03-16,Alba,2,1267,95,912,260
2021-03-16,Alba,3,89,83,4,2
2021-03-16,Arad,1,23,2,17,4
2021-03-16,Arad,2,1134,171,586,377
2021-03-16,Arad,3,16,1,15,0
2021-03-16,Arges,1,26,3,20,3
2021-03-16,Arges,2,1141,97,738,306
2021-03-16,Arges,3,7,2,4,1
2021-03-16,Bacau,1,44,2,39,3
2021-03-16,Bacau,2,1066,89,656,321
2021-03-16,Bacau,3,11,0,5,6
2021-03-16,Bihor,1,122,5,89,28
2021-03-16,Bihor,2,1870,160,1103,607
2021-03-16,Bihor,3,12,6,2,4
2021-03-16,Bistrita-Nasaud,1,44,2,36,6
2021-03-16,Bistrita-Nasaud,2,719,54,417,248
2021-03-16,Bistrita-Nasaud,3,9,0,3,6
2021-03-16,Botosani,1,10,0,6,4
2021-03-16,Botosani,2,691,15,457,219
2021-03-16,Botosani,3,11,0,5,6
2021-03-16,Braila,1,18,3,12,3
2021-03-16,Braila,2,565,37,413,115
2021-03-16,Braila,3,0,0,0,0
2021-03-16,Brasov,1,89,2,81,6
2021-03-16,Brasov,2,1627,213,1084,330
2021-03-16,Brasov,3,353,307,44,2
2021-03-16,Bucuresti,1,584,65,416,103
2021-03-16,Bucuresti,2,7030,692,5139,1199
2021-03-16,Bucuresti,3,93,14,52,27
2021-03-16,Buzau,1,34,0,24,10
2021-03-16,Buzau,2,1021,66,776,179
2021-03-16,Buzau,3,6,3,2,1
2021-03-16,Calarasi,1,21,2,15,4
2021-03-16,Calarasi,2,596,70,471,55
2021-03-16,Calarasi,3,28,21,6,1
2021-03-16,Caras-Severin,1,50,1,45,4
2021-03-16,Caras-Severin,2,870,47,582,241
2021-03-16,Caras-Severin,3,8,0,3,5
2021-03-16,Cluj,1,66,30,28,8
2021-03-16,Cluj,2,1689,335,1163,191
2021-03-16,Cluj,3,331,315,15,1
2021-03-16,Constanta,1,102,41,35,26
2021-03-16,Constanta,2,2428,210,1616,602
2021-03-16,Constanta,3,14,3,6,5
2021-03-16,Covasna,1,12,2,8,2
2021-03-16,Covasna,2,506,79,259,168
2021-03-16,Covasna,3,2,0,2,0
2021-03-16,Dimbovita,1,51,2,47,2
2021-03-16,Dimbovita,2,1103,103,786,214
2021-03-16,Dimbovita,3,10,1,6,3
2021-03-16,Dolj,1,69,2,54,13
2021-03-16,Dolj,2,1716,119,1281,316
2021-03-16,Dolj,3,3,3,0,0
2021-03-16,Galati,1,78,4,74,0
2021-03-16,Galati,2,1014,123,603,288
2021-03-16,Galati,3,7,4,1,2
2021-03-16,Giurgiu,1,41,6,32,3
2021-03-16,Giurgiu,2,872,73,563,236
2021-03-16,Giurgiu,3,52,48,4,0
2021-03-16,Gorj,1,42,0,34,8
2021-03-16,Gorj,2,1212,17,913,282
2021-03-16,Gorj,3,9,2,7,0
2021-03-16,Harghita,1,54,3,22,29
2021-03-16,Harghita,2,1086,85,754,247
2021-03-16,Harghita,3,7,3,4,0
2021-03-16,Hunedoara,1,26,0,22,4
2021-03-16,Hunedoara,2,828,92,514,222
2021-03-16,Hunedoara,3,43,37,2,4
2021-03-16,Ialomita,1,51,0,30,21
2021-03-16,Ialomita,2,906,67,571,268
2021-03-16,Ialomita,3,5,3,1,1
2021-03-16,Iasi,1,181,13,127,41
2021-03-16,Iasi,2,2259,152,1617,490
2021-03-16,Iasi,3,77,2,70,5
2021-03-16,Ilfov,1,60,3,50,7
2021-03-16,Ilfov,2,1363,49,990,324
2021-03-16,Ilfov,3,39,4,26,9
2021-03-16,Maramures,1,91,5,60,26
2021-03-16,Maramures,2,1330,53,1223,54
2021-03-16,Maramures,3,6,0,1,5
2021-03-16,Mehedinti,1,31,0,27,4
2021-03-16,Mehedinti,2,678,23,519,136
2021-03-16,Mehedinti,3,7,6,1,0
2021-03-16,Mures,1,145,16,87,42
2021-03-16,Mures,2,2769,210,2195,364
2021-03-16,Mures,3,18,6,4,8
2021-03-16,Neamt,1,20,2,17,1
2021-03-16,Neamt,2,1059,78,787,194
2021-03-16,Neamt,3,11,1,5,5
2021-03-16,Olt,1,44,2,41,1
2021-03-16,Olt,2,990,50,673,267
2021-03-16,Olt,3,13,5,6,2
2021-03-16,Prahova,1,113,5,89,19
2021-03-16,Prahova,2,2332,138,1615,579
2021-03-16,Prahova,3,17,6,10,1
2021-03-16,Salaj,1,19,1,15,3
2021-03-16,Salaj,2,570,47,407,116
2021-03-16,Salaj,3,77,72,4,1
2021-03-16,Satu-Mare,1,33,4,27,2
2021-03-16,Satu-Mare,2,863,84,611,168
2021-03-16,Satu-Mare,3,2,0,2,0
2021-03-16,Sibiu,1,95,6,85,4
2021-03-16,Sibiu,2,1031,119,806,106
2021-03-16,Sibiu,3,18,0,18,0
2021-03-16,Suceava,1,52,0,46,6
2021-03-16,Suceava,2,1518,84,1012,422
2021-03-16,Suceava,3,53,1,50,2
2021-03-16,Teleorman,1,36,4,27,5
2021-03-16,Teleorman,2,783,57,571,155
2021-03-16,Teleorman,3,1,0,1,0
2021-03-16,Timis,1,68,13,42,13
2021-03-16,Timis,2,1774,455,825,494
2021-03-16,Timis,3,598,596,1,1
2021-03-16,Tulcea,1,100,1,99,0
2021-03-16,Tulcea,2,530,66,309,155
2021-03-16,Tulcea,3,6,0,6,0
2021-03-16,Valcea,1,23,2,17,4
2021-03-16,Valcea,2,830,77,627,126
2021-03-16,Valcea,3,6,2,4,0
2021-03-16,Vaslui,1,14,0,8,6
2021-03-16,Vaslui,2,739,59,533,147
2021-03-16,Vaslui,3,6,0,4,2
2021-03-16,Vrancea,1,34,0,34,0
2021-03-16,Vrancea,2,766,45,518,203
2021-03-16,Vrancea,3,9,1,7,1
2021-03-17,Alba,1,20,4,9,7
2021-03-17,Alba,2,1293,93,927,273
2021-03-17,Alba,3,78,77,1,0
2021-03-17,Arad,1,51,4,35,12
2021-03-17,Arad,2,977,139,552,286
2021-03-17,Arad,3,34,21,1,12
2021-03-17,Arges,1,42,4,30,8
2021-03-17,Arges,2,965,107,686,172
2021-03-17,Arges,3,19,15,4,0
2021-03-17,Bacau,1,34,1,28,5
2021-03-17,Bacau,2,1025,91,608,326
2021-03-17,Bacau,3,23,7,7,9
2021-03-17,Bihor,1,66,5,61,0
2021-03-17,Bihor,2,1504,131,1153,220
2021-03-17,Bihor,3,31,21,10,0
2021-03-17,Bistrita-Nasaud,1,38,2,28,8
2021-03-17,Bistrita-Nasaud,2,635,58,383,194
2021-03-17,Bistrita-Nasaud,3,27,0,9,18
2021-03-17,Botosani,1,10,1,8,1
2021-03-17,Botosani,2,570,18,419,133
2021-03-17,Botosani,3,12,1,7,4
2021-03-17,Braila,1,5,1,4,0
2021-03-17,Braila,2,557,36,521,0
2021-03-17,Braila,3,1,1,0,0
2021-03-17,Brasov,1,43,10,25,8
2021-03-17,Brasov,2,1436,207,942,287
2021-03-17,Brasov,3,345,328,12,5
2021-03-17,Bucuresti,1,587,39,433,115
2021-03-17,Bucuresti,2,6906,619,5031,1256
2021-03-17,Bucuresti,3,102,32,37,33
2021-03-17,Buzau,1,13,0,13,0
2021-03-17,Buzau,2,754,78,666,10
2021-03-17,Buzau,3,4,2,2,0
2021-03-17,Calarasi,1,25,0,20,5
2021-03-17,Calarasi,2,613,38,541,34
2021-03-17,Calarasi,3,5,2,2,1
2021-03-17,Caras-Severin,1,15,2,13,0
2021-03-17,Caras-Severin,2,726,37,593,96
2021-03-17,Caras-Severin,3,26,5,17,4
2021-03-17,Cluj,1,146,38,102,6
2021-03-17,Cluj,2,1621,333,1207,81
2021-03-17,Cluj,3,317,306,10,1
2021-03-17,Constanta,1,99,62,35,2
2021-03-17,Constanta,2,2076,240,1608,228
2021-03-17,Constanta,3,18,5,13,0
2021-03-17,Covasna,1,6,2,4,0
2021-03-17,Covasna,2,449,51,319,79
2021-03-17,Covasna,3,20,19,0,1
2021-03-17,Dimbovita,1,50,0,39,11
2021-03-17,Dimbovita,2,1138,99,775,264
2021-03-17,Dimbovita,3,26,12,8,6
2021-03-17,Dolj,1,71,2,66,3
2021-03-17,Dolj,2,1551,107,1258,186
2021-03-17,Dolj,3,15,4,11,0
2021-03-17,Galati,1,18,1,17,0
2021-03-17,Galati,2,749,100,477,172
2021-03-17,Galati,3,17,8,1,8
2021-03-17,Giurgiu,1,28,2,21,5
2021-03-17,Giurgiu,2,775,37,583,155
2021-03-17,Giurgiu,3,56,53,3,0
2021-03-17,Gorj,1,31,0,27,4
2021-03-17,Gorj,2,981,7,849,125
2021-03-17,Gorj,3,20,14,6,0
2021-03-17,Harghita,1,27,1,26,0
2021-03-17,Harghita,2,957,88,838,31
2021-03-17,Harghita,3,40,1,0,39
2021-03-17,Hunedoara,1,20,8,12,0
2021-03-17,Hunedoara,2,888,72,627,189
2021-03-17,Hunedoara,3,47,45,2,0
2021-03-17,Ialomita,1,33,0,23,10
2021-03-17,Ialomita,2,796,52,537,207
2021-03-17,Ialomita,3,21,14,4,3
2021-03-17,Iasi,1,105,18,87,0
2021-03-17,Iasi,2,1585,113,1462,10
2021-03-17,Iasi,3,142,23,119,0
2021-03-17,Ilfov,1,89,2,79,8
2021-03-17,Ilfov,2,1426,51,1051,324
2021-03-17,Ilfov,3,50,3,40,7
2021-03-17,Maramures,1,60,4,56,0
2021-03-17,Maramures,2,1249,78,1161,10
2021-03-17,Maramures,3,7,4,3,0
2021-03-17,Mehedinti,1,19,0,19,0
2021-03-17,Mehedinti,2,554,12,542,0
2021-03-17,Mehedinti,3,17,8,9,0
2021-03-17,Mures,1,162,16,134,12
2021-03-17,Mures,2,2646,244,2117,285
2021-03-17,Mures,3,21,14,7,0
2021-03-17,Neamt,1,15,1,12,2
2021-03-17,Neamt,2,952,52,665,235
2021-03-17,Neamt,3,34,4,7,23
2021-03-17,Olt,1,55,0,51,4
2021-03-17,Olt,2,842,43,623,176
2021-03-17,Olt,3,16,12,4,0
2021-03-17,Prahova,1,84,16,57,11
2021-03-17,Prahova,2,2410,128,1729,553
2021-03-17,Prahova,3,15,3,6,6
2021-03-17,Salaj,1,17,3,14,0
2021-03-17,Salaj,2,486,41,425,20
2021-03-17,Salaj,3,81,76,5,0
2021-03-17,Satu-Mare,1,65,0,64,1
2021-03-17,Satu-Mare,2,773,67,546,160
2021-03-17,Satu-Mare,3,4,2,2,0
2021-03-17,Sibiu,1,73,4,57,12
2021-03-17,Sibiu,2,683,109,557,17
2021-03-17,Sibiu,3,15,5,10,0
2021-03-17,Suceava,1,46,0,40,6
2021-03-17,Suceava,2,1261,32,863,366
2021-03-17,Suceava,3,72,11,35,26
2021-03-17,Teleorman,1,33,0,24,9
2021-03-17,Teleorman,2,683,48,575,60
2021-03-17,Teleorman,3,19,18,1,0
2021-03-17,Timis,1,33,8,25,0
2021-03-17,Timis,2,1485,420,775,290
2021-03-17,Timis,3,631,629,2,0
2021-03-17,Tulcea,1,11,0,10,1
2021-03-17,Tulcea,2,466,62,347,57
2021-03-17,Tulcea,3,9,4,3,2
2021-03-17,Valcea,1,27,2,19,6
2021-03-17,Valcea,2,714,76,604,34
2021-03-17,Valcea,3,7,6,1,0
2021-03-17,Vaslui,1,18,1,15,2
2021-03-17,Vaslui,2,680,64,488,128
2021-03-17,Vaslui,3,11,4,7,0
2021-03-17,Vrancea,1,17,0,10,7
2021-03-17,Vrancea,2,707,40,426,241
2021-03-17,Vrancea,3,67,1,1,65
2021-03-18,Alba,1,10,0,10,0
2021-03-18,Alba,2,786,78,708,0
2021-03-18,Alba,3,99,97,2,0
2021-03-18,Arad,1,14,1,11,2
2021-03-18,Arad,2,892,115,565,212
2021-03-18,Arad,3,64,29,0,35
2021-03-18,Arges,1,18,2,14,2
2021-03-18,Arges,2,948,77,683,188
2021-03-18,Arges,3,33,18,15,0
2021-03-18,Bacau,1,61,2,54,5
2021-03-18,Bacau,2,1041,104,634,303
2021-03-18,Bacau,3,36,21,3,12
2021-03-18,Bihor,1,136,6,129,1
2021-03-18,Bihor,2,1484,149,1147,188
2021-03-18,Bihor,3,68,30,37,1
2021-03-18,Bistrita-Nasaud,1,14,1,11,2
2021-03-18,Bistrita-Nasaud,2,613,62,336,215
2021-03-18,Bistrita-Nasaud,3,4,0,1,3
2021-03-18,Botosani,1,24,0,24,0
2021-03-18,Botosani,2,474,12,365,97
2021-03-18,Botosani,3,120,2,17,101
2021-03-18,Braila,1,9,1,8,0
2021-03-18,Braila,2,512,37,475,0
2021-03-18,Braila,3,8,7,1,0
2021-03-18,Brasov,1,54,6,39,9
2021-03-18,Brasov,2,1282,145,944,193
2021-03-18,Brasov,3,357,344,6,7
2021-03-18,Bucuresti,1,651,41,578,32
2021-03-18,Bucuresti,2,6167,647,5025,495
2021-03-18,Bucuresti,3,153,61,77,15
2021-03-18,Buzau,1,19,0,19,0
2021-03-18,Buzau,2,837,55,738,44
2021-03-18,Buzau,3,13,11,2,0
2021-03-18,Calarasi,1,46,0,46,0
2021-03-18,Calarasi,2,728,35,693,0
2021-03-18,Calarasi,3,39,12,27,0
2021-03-18,Caras-Severin,1,31,2,28,1
2021-03-18,Caras-Severin,2,709,22,588,99
2021-03-18,Caras-Severin,3,46,8,8,30
2021-03-18,Cluj,1,186,48,138,0
2021-03-18,Cluj,2,1539,264,1262,13
2021-03-18,Cluj,3,384,355,22,7
2021-03-18,Constanta,1,99,42,46,11
2021-03-18,Constanta,2,1856,184,1343,329
2021-03-18,Constanta,3,18,4,12,2
2021-03-18,Covasna,1,8,1,7,0
2021-03-18,Covasna,2,421,40,274,107
2021-03-18,Covasna,3,89,85,1,3
2021-03-18,Dimbovita,1,34,0,34,0
2021-03-18,Dimbovita,2,944,113,713,118
2021-03-18,Dimbovita,3,19,8,9,2
2021-03-18,Dolj,1,70,0,70,0
2021-03-18,Dolj,2,1323,103,1219,1
2021-03-18,Dolj,3,21,16,5,0
2021-03-18,Galati,1,38,0,38,0
2021-03-18,Galati,2,949,119,666,164
2021-03-18,Galati,3,21,14,4,3
2021-03-18,Giurgiu,1,23,3,20,0
2021-03-18,Giurgiu,2,681,60,505,116
2021-03-18,Giurgiu,3,59,52,3,4
2021-03-18,Gorj,1,45,0,45,0
2021-03-18,Gorj,2,811,6,805,0
2021-03-18,Gorj,3,80,72,8,0
2021-03-18,Harghita,1,41,2,33,6
2021-03-18,Harghita,2,895,65,800,30
2021-03-18,Harghita,3,72,12,6,54
2021-03-18,Hunedoara,1,38,3,33,2
2021-03-18,Hunedoara,2,899,87,634,178
2021-03-18,Hunedoara,3,75,72,3,0
2021-03-18,Ialomita,1,33,0,32,1
2021-03-18,Ialomita,2,661,39,496,126
2021-03-18,Ialomita,3,29,21,5,3
2021-03-18,Iasi,1,150,2,148,0
2021-03-18,Iasi,2,1372,141,1231,0
2021-03-18,Iasi,3,195,87,108,0
2021-03-18,Ilfov,1,48,2,44,2
2021-03-18,Ilfov,2,1264,59,924,281
2021-03-18,Ilfov,3,80,15,57,8
2021-03-18,Maramures,1,46,5,41,0
2021-03-18,Maramures,2,1186,67,1119,0
2021-03-18,Maramures,3,21,17,4,0
2021-03-18,Mehedinti,1,8,0,8,0
2021-03-18,Mehedinti,2,503,20,483,0
2021-03-18,Mehedinti,3,32,31,1,0
2021-03-18,Mures,1,155,18,137,0
2021-03-18,Mures,2,2160,204,1932,24
2021-03-18,Mures,3,57,44,13,0
2021-03-18,Neamt,1,41,1,40,0
2021-03-18,Neamt,2,779,52,630,97
2021-03-18,Neamt,3,67,16,8,43
2021-03-18,Olt,1,58,0,58,0
2021-03-18,Olt,2,800,50,640,110
2021-03-18,Olt,3,36,27,9,0
2021-03-18,Prahova,1,127,1,101,25
2021-03-18,Prahova,2,1914,126,1421,367
2021-03-18,Prahova,3,17,11,2,4
2021-03-18,Salaj,1,18,2,16,0
2021-03-18,Salaj,2,545,53,483,9
2021-03-18,Salaj,3,81,75,5,1
2021-03-18,Satu-Mare,1,81,0,79,2
2021-03-18,Satu-Mare,2,776,61,583,132
2021-03-18,Satu-Mare,3,20,6,8,6
2021-03-18,Sibiu,1,67,4,63,0
2021-03-18,Sibiu,2,683,104,578,1
2021-03-18,Sibiu,3,12,10,2,0
2021-03-18,Suceava,1,40,0,38,2
2021-03-18,Suceava,2,1034,31,872,131
2021-03-18,Suceava,3,305,115,86,104
2021-03-18,Teleorman,1,17,3,14,0
2021-03-18,Teleorman,2,589,37,512,40
2021-03-18,Teleorman,3,46,42,4,0
2021-03-18,Timis,1,50,13,28,9
2021-03-18,Timis,2,1537,388,728,421
2021-03-18,Timis,3,739,724,3,12
2021-03-18,Tulcea,1,9,0,7,2
2021-03-18,Tulcea,2,444,63,325,56
2021-03-18,Tulcea,3,15,10,3,2
2021-03-18,Valcea,1,69,1,68,0
2021-03-18,Valcea,2,631,64,557,10
2021-03-18,Valcea,3,17,12,5,0
2021-03-18,Vaslui,1,35,0,34,1
2021-03-18,Vaslui,2,748,55,554,139
2021-03-18,Vaslui,3,18,7,11,0
2021-03-18,Vrancea,1,21,0,17,4
2021-03-18,Vrancea,2,655,50,479,126
2021-03-18,Vrancea,3,119,33,1,85
